x,y,theta
3.0032892802679987,-0.7118954594925777,1.0331271556955521
0.9838269257012868,2.938026841019574,4.994946265602324
-0.2746456183509292,-0.9286879598248896,1.0906873309759795
-0.40909800459309,-0.6855825335260781,2.894954547177526
3.9729863156014984,-0.8610325613610974,0.8126803933641471
4.520155675027469,2.4387828954020576,4.87584936522082
2.836496766719489,3.7246550687597315,4.217721703327396
3.512231085411991,-0.5784876450059999,0.3078910392517732
4.642898330832725,1.2750770297598386,1.1287665604314685
3.9871945476684267,4.396588295241999,3.9253449391145656
-0.4849382490641855,2.8780164747510684,2.65468511799217
4.215723521231632,1.4285059883702722,1.8982236626291082
-0.31527933581994605,4.532052552543397,3.9562385176891652
3.5131049553646925,3.122787248494066,5.556086638298202
0.4661059133140746,3.033478813173164,2.950412377331332
4.247484072924376,3.2725596618237125,1.4026960810435156
1.8247797165871216,4.834949739648014,3.3547263184334857
-0.3442418086999537,2.4309620905354867,3.745914022497292
0.18355802074760175,1.4371857643380914,1.316804787505892
3.188434280814967,-0.4385438168036786,4.6002148197801525
3.0595423136583753,0.15355608080378236,3.407529621260178
2.884618113146896,4.899737509148789,4.126433174082751
1.6102265484403588,4.770227462464015,2.846714883808291
4.984654646840661,-0.9821431785939796,2.7563532686181293
4.894594363269265,-0.5332290714154944,1.320320499006448
3.2704809146438207,3.0733427878104553,5.602218936697691
3.0775260194729896,0.3080996976980037,1.24003127808347
3.2864570181401707,2.9819181115338917,1.566839372279487
1.6390678318850709,0.2589319883348209,2.284222192673758
0.24303077762326164,1.3810559091163777,6.113871993801162
3.4681858710674494,0.9553171696784775,3.4675768310975164
2.3894487736164924,0.47890189452506116,0.9183910584839433
1.2063303155742562,3.650686540510957,5.274935122543184
4.392183088919501,4.48793091395319,1.8242656586074735
4.6372393377593735,0.1323248516028135,0.1316231484963417
1.4678735818998863,4.369616653016173,4.601070607199039
2.6434140690136854,-0.07906868261947264,6.042319722842351
1.2702816509176817,0.7756671594553499,5.622308988915385
2.7686501660983325,4.902217649638494,0.23692043025774823
1.358511740289233,-0.7160923576630447,2.902148966863329
1.6539045029048869,4.029766941535645,1.1993198687296647
4.396508936026358,-0.017899630992203264,1.9057285700244158
0.7493667644335884,2.114574480743279,1.176784989377047
2.9275292957732333,4.7491998795427275,4.926281800709175
-0.03791561029688345,-0.2864206259160158,1.7607757362074055
4.079542812093687,1.261421070800158,6.068700079798794
3.8290406911877586,2.0490797862782695,3.2981839072019636
0.8165319364612369,2.9133950817747998,3.5944271409128827
4.320663269458871,1.0174286117179197,4.950141721777999
-0.1778758085714311,0.49248060488058165,4.2767496240203355
1.348643833001132,4.446921852928572,5.417850605900166
0.32653706792161485,-0.9515913525096522,0.8000770801330276
1.9768665165710786,4.887339011341703,3.1136962310736207
3.879783486580118,-0.10417616510011429,3.4399005709161483
0.768532149465611,0.386181001005365,0.6857602125305285
-0.21388284414574715,3.3897874112279744,4.603187866725135
1.725035119018405,3.5183671711691167,2.8525163874562707
0.5918217448009044,2.0781146617204582,3.8965368380620644
-0.0008582490948295662,-0.8707150322958597,5.424710884655264
2.691828122927679,0.3359619471662767,4.451226662433293
1.1428287305040743,0.24791807228753293,4.845177009572107
3.1959718287599763,4.3539037438371935,1.8398164159348394
0.5973349418251732,1.7530083192646644,2.81024719910944
4.681622107785738,3.604658309425668,5.80065298059031
1.5081059253465572,4.437413766803377,2.4442848641121717
0.0802240376362624,1.3589061623739216,2.960576858750596
2.9600948334684007,4.543306484795577,0.817320944164608
4.5993500418732705,3.0824865875146603,4.2041369860902
4.7502477152990545,1.7040877370218341,1.4215569267173755
2.911173986084578,0.6734210876871607,1.0337337833241973
4.973030778794283,1.9108658658666782,5.4629470185951705
4.719190212157709,1.4459629564340686,1.111523253087621
2.0302482662000285,0.5739030563795247,3.7023059913033283
3.667508649195603,-0.5576436411103509,1.6723981419428837
2.235824825181904,4.839615740390296,3.0404924872003627
3.821821353925941,1.015802100583814,5.764115180869752
1.7806071714561895,4.041846887672386,4.863622775730335
3.5396596448380118,1.9222861109760414,4.823961379606343
3.4112858289436243,4.015080116089962,0.5816099405819679
4.62632827637358,-0.011400334613164143,0.6724695360011599
0.13212948304497862,-0.1264159595939114,4.8434042949239045
3.509583143919702,0.4115693702158354,3.0068568164008767
4.6008316074350795,4.161364733406291,5.319719509448825
4.823594044585556,3.587720783438103,2.3593080089944922
-0.4191153226904689,0.968245080455463,3.953342839582673
4.2500204963506665,4.6012125401934885,1.681262498858229
4.896572720364894,4.162125238506302,2.5197452211146474
4.7646559878603,1.3284831755333064,3.130781305867549
0.31820206727873845,2.599143394248244,1.098149751488781
4.8494584760262525,4.9089968241837365,2.429419368937181
4.394645556462864,3.237792997251237,2.2356933326273207
4.023056051486887,0.18644342565762706,1.5123429567783975
0.778051058016171,4.347506454273695,4.7702851267630555
3.910343182950693,2.193964093848238,3.810914777835423
4.579415878809082,1.8042529874556594,2.72244479665429
0.9637164976076091,3.4723639432813105,3.607732955327473
4.620595237896352,-0.9578391186114354,2.8113247104065238
-0.2771910884636095,3.5768658877010058,2.0867390753403474
3.5260340761110847,4.766175863250196,1.3907542121626786
2.8790528582194814,4.071330978172296,4.394584301568487
-0.3439904918756342,3.9002683377938325,0.08375411396227025
3.4557087505470716,1.8415259964932504,0.6380737225978886
-0.41204548762035414,3.4121570996454933,3.5642179260310236
3.6687305129603542,1.9349546206725838,1.817227156567278
2.3201729779414295,-0.31874531212627755,1.8047176254877793
4.610073214383534,-0.7987882663049999,4.829853646149198
-0.13654626801758896,1.0891758614973943,6.23006392534801
4.127245037868108,4.019782746368058,3.3426888776548185
-0.13320495178094227,1.820990031579898,0.01623300878116142
1.3937048834226884,-0.333857886230585,3.778732357907686
1.866643025713083,-0.7986682035022994,4.749231717069375
4.813341444312386,2.167150669742387,1.139466928400478
2.5922751322565136,0.49045488140637516,1.5263033283317005
0.9237552624401273,2.832309314970937,1.3095764761870692
0.8292164275188973,0.774372322490682,4.927179902014165
4.384650763625489,1.661562502264089,5.850179221290815
0.7422818562952842,-0.1516572515993302,5.042446031120781
0.1850508820940593,1.434929265077546,2.411772784214878
2.547497761952973,-0.38696184389858646,4.907813919789179
3.9534092675202777,4.160243165332573,3.4293949113598403
2.582617736034022,3.2832716206867323,2.5742963269791748
1.0863166793716577,-0.10701214306715223,2.867576722269426
1.77092988474491,-0.33848409318195616,0.8405089888582179
3.999665340340007,0.04018523748848013,6.105825443602554
4.774927034835932,0.46898970912481874,5.174288919834006
1.531724261004245,0.3719064095636626,1.3101885290338164
2.7665831088724255,-0.28354521662714016,4.0521155319344375
4.1656016455128295,0.27806092681425887,0.6611254479771058
0.3001044600259246,4.4866963814228695,0.5979568668553937
1.7358068521146963,-0.29381178539963604,0.9208573843729966
4.504774289142633,0.33664037570852656,3.5833054473582893
-0.26313211287487703,4.450971659594971,2.0043745402329014
4.0248845409982605,3.6863801596708967,5.255306663952902
4.063921919029565,4.817284213380882,3.8186935749772286
-0.44524991555989424,0.9615694364381551,5.379315381674146
-0.06753479558898068,0.22020401328145933,6.052020125810498
1.0061700422975646,0.4718217045693509,0.7107732144715168
3.3645863886288248,3.32457097428782,2.040490017596866
4.690907848181499,0.10521398664810921,2.513963016674347
0.19749406243686263,4.316005350134122,2.2987168467863595
4.2562806247042575,4.381637851939563,1.5026798323743373
-0.17294716619813844,3.6113623766370466,4.443664059602173
1.5942377957098919,4.315588867348742,1.1243554019411026
2.1886725075840534,-0.6892606927607641,4.4257878032171
4.870542770648245,4.449885155316409,2.4429852824194795
3.766301534560056,2.4612232821516438,3.3291881672196055
1.1987154949559355,-0.7363274182588151,4.124505117980143
0.9841023202544008,3.655630093601604,4.073543830054333
4.247161123041248,0.9290902926298696,1.5128048750696919
4.347189450057295,4.712044373419152,2.928079216962115
2.308885780490049,4.907689859897913,2.1162153111347144
4.972045414885048,4.4470285670415715,6.151810567149811
0.5049180840960934,0.6479209368769978,3.9527261700444756
4.340539667172384,3.381032140102416,2.080987628612864
3.967844689611897,2.3531282510102187,1.569434134685113
3.173391730642432,-0.8518166988086502,0.08266196437986194
4.771274974778736,1.092373888340664,0.5005647111941067
4.591430174679303,-0.948182745008193,5.102745261972223
3.6153667681596477,0.8543064991216738,1.506704835740136
4.233857752512227,1.8061374662540501,4.035107571545249
0.8593070717715912,1.1717099568475744,5.975821857212895
0.2768560629556738,2.1448606629433087,0.7593120773872477
3.1853401712321476,-0.8231473678650258,5.86971437231315
3.43040195160114,4.693490792100211,1.1912500465243003
0.418791108302497,0.2666607123229028,5.562158394545917
1.675565002076818,-0.49525921418820373,4.578192415459644
4.5064067141883015,2.6363488916626623,5.15916191754846
2.6808475320944996,0.9252695066540209,2.2363624417263663
0.5677137508993648,4.492732760580042,1.8202325219927367
2.3931223673983135,-0.07283201635929393,3.7177580544097952
2.3788910006720596,0.032019219369179064,3.884225272063277
-0.010853978645504081,4.0618036942510845,5.4024218035299265
4.900684812196884,1.6948019598369921,0.765259696266477
-0.4647511453462941,3.6067371817114857,2.544115981054096
3.7495706067396375,1.8531062687838604,1.4140463506355359
4.880461426120801,4.3427440341824,2.243261842876036
2.7442851557652275,0.3434125036819704,1.6561549892141163
0.5312924365028171,0.019436031584416424,0.7532383256123505
3.198896486542781,0.427574000953465,1.9186831973754228
0.5730906915124276,2.680332454520818,6.251121882720289
4.793327012184095,-0.9450875181842984,4.349209543010545
-0.10254103958567773,1.6899356514801656,3.707895269361713
2.249850530122402,0.6183282422567182,5.027546519833714
3.592536136054566,4.971678521527846,4.046035713282398
0.47474707261062343,2.4707629009866587,2.915834827903207
1.6343670248148556,4.3140740735900724,3.2443217475420636
-0.15407475849765767,3.1475139182254566,0.3042537566605101
3.4923447507667724,-0.4514528070030335,4.672349408709112
-0.017276622822822774,1.9441744059640778,2.2443830302492622
1.673004395968822,4.69823889417777,5.234996479390187
4.304374471164027,2.1881848167525177,2.5931605034011307
2.0976518521250633,-0.15168733431031978,4.283176943600257
4.519420635024871,3.5748760545641574,2.7402822561187485
3.712544147563798,3.66804436169049,0.9766441599368018
4.534281780614712,3.407221041946551,3.262288993773446
0.2007165497689849,2.9643035658553,6.0623177866971485
-0.09540402068152382,4.105322497625579,1.5453656383249224
-0.11320560536930063,1.5819125007216526,1.2013835866018527
4.278698618910256,1.0419622552233365,5.297744347997422
2.987384886410938,4.373669586194021,2.3889957886503925
2.2311443158936917,-0.48546344526213736,3.20931034013448
0.39948878908064156,4.814671202372386,3.5306769603171437
3.2055339075000053,0.07043708599877996,3.6539774559236182
3.409839247962697,3.811162809197417,5.070364229914646
2.0319543087702865,-0.25050264702344505,2.5626439633982905
3.8431615285292873,2.892919590782073,3.181488305292413
0.010100115378594121,0.9835272643872286,0.5204788661586426
2.683171768279264,4.069872171159035,5.507707324394402
0.5847922101272771,0.7664183601783283,4.228755391054826
3.9447521349746246,2.538968901764897,2.0968636987276206
4.937824333523008,-0.3420273834474734,1.1148467373299036
0.506188285716453,0.6705653782233909,3.3243963805392998
4.79660527068347,3.8969688245742535,1.0979914520105032
3.90504370134735,0.9016575105060591,2.2969933987017663
3.9744373529879953,4.331385399235715,3.4523972787594
2.8156689788261398,4.494535882061747,3.0776230510889047
4.525299194890639,-0.33759989452298056,3.4848908295903427
-0.14101270973789737,0.5552635721544272,6.273587063871811
4.092435121771203,3.7490322395729434,1.3531830553692652
1.2905008885538742,4.569267055563981,2.798348122878222
4.967147241654914,1.2750936648334918,0.3374499363240883
3.79654776142008,4.922198430194774,5.087158166660523
1.8244561803362966,0.6725289604477416,3.6791845745456153
4.326408982294879,2.2831685292631256,5.818217576272697
-0.0225182028180822,3.8020030918663075,4.132158626014031
3.3963031630262632,0.48912911536832016,2.991446496412712
3.8403504303783027,0.7713996473728493,3.3290635958553656
3.8955800884386313,1.4984907772073277,2.836059470539658
3.8815155051033,4.636847280388883,2.0972859210169226
0.7393064303161583,2.8829956185610457,3.798452450985877
1.7959646171240893,4.680466320410938,2.619790822972303
0.11937516047306451,3.1171953009815585,5.155513934329998
1.7382129035161835,0.011300286679777116,5.455294884469057
-0.498346204411924,4.003263195483003,2.1231322293962602
3.594093994910695,0.9688765508724779,4.346079457459997
4.185317517288413,1.868631568353634,2.7066398015953266
0.2641242351610865,-0.8352575006195959,1.5293890062142637
3.370821730967388,-0.11874073824872089,6.216605802032474
4.016066986170513,3.8862110102627554,1.4961248771955724
4.900055775794866,3.0546767457476722,4.148755808931562
4.140848093027997,-0.9704398701465375,4.790636951384002
1.8325856699420706,3.5705174246356624,4.366212049816329
4.888287896803111,2.760870692108224,0.5552504471804179
4.8569142266879535,4.687918707858958,1.797379233904285
2.270223385603184,4.582674718483669,4.293710494949984
3.6439559622114785,1.5307032701023853,1.603389638716098
4.526107172202396,-0.3331561383527959,6.083973970077058
4.250824326033967,1.380900838917257,2.7778036065445604
3.3586271133403005,2.000132760391266,3.4693156296590337
1.116583407860067,0.49563852539867104,3.165255788413798
3.722087484909105,0.9573868575253863,2.7110401735475302
2.6387663222272453,-0.615839315987516,2.924572118273941
0.016148343883184313,3.5144523717618235,5.762898280499697
1.6525923446756532,0.6760854877549483,0.1471377413461841
-0.09442442631206743,3.0849395308537124,6.0932794247389355
2.118918297693476,0.6603698083964478,0.7201009074816548
1.8569678447860811,4.04817164972653,2.7049930665324466
1.8305559363374604,0.42947491260487514,4.351704053564804
2.724651944749314,-0.27637937928475576,5.028239061285989
0.17479863096840398,3.6860394883396586,4.134239435884374
4.635729004762635,0.3685415132128784,3.0799673820652735
3.2622774644126817,0.047390408643742665,5.594206276716009
4.030797471160244,2.425731162605318,2.7314966607486224
4.432406777450679,-0.6251975268211469,1.5545287686526847
-0.27879978502469616,-0.889805736841851,4.906202115982185
3.4131775326476688,1.570362515153886,3.5467666221732386
4.042764721937196,-0.4873580383608145,0.8436578069375396
2.4268826041088927,-0.5075801958902968,2.072303301393396
3.972842524503058,2.5222660685276415,0.5610056988104434
4.983556611898705,-0.9752810308341526,3.400892293808455
1.4280514625233847,3.3903265715656854,0.9420888822567384
0.4406179201137075,1.2113429969031424,4.498066965384175
1.6542113969964656,0.5769542238315637,3.490355871129123
3.64177494426122,4.706257772765517,6.101463914150601
1.9157591252206858,-0.8657716076474005,0.07314390624592768
0.2004715955691907,-0.8928018855541919,4.499460615254797
3.4936793101368915,1.2920155605308281,1.279759074359658
1.040453210265747,0.8753545155785294,0.21664198945870863
0.5483965822221002,-0.5179480307628994,3.9469142115129765
4.24622499220757,3.6991387412977756,3.428830728308516
2.1647441829043768,-0.5359819243031718,1.8998221218658229
4.443530708866665,4.863017378488793,3.187648651430202
-0.026931601664485605,-0.33555232646731303,0.34614614590194753
3.32884947687491,1.9524705918986944,2.6840451886979713
1.303902593705314,-0.8169424150590345,3.624505274760177
0.4647536249179459,1.4349228212262028,5.495967215148178
1.4955207297461486,4.137844690016338,5.322992301971416
1.3144270787166472,3.065273948849958,5.009052724495136
4.690227708760533,1.1136653404536454,5.793056483186347
0.5961408737371738,0.10580661733083074,2.626895846364187
2.316955118107543,-0.7286864434745051,2.8214615484445793
-0.36792739630757904,0.971075042755557,0.05778179863705612
0.3985245012532589,-0.6230428657186822,2.87353524850458
4.35880303498459,0.055434699226299955,3.1987364605524373
3.8408615153897196,2.9044841240615944,3.488308939549965
2.5625951952969466,0.20930311200340168,5.9923857389410795
0.7234936779524814,1.243510269462575,0.5168126522115435
2.5676117044171853,-0.9574725267854833,1.9515264762523388
-0.43319410637513095,4.4760538444599955,2.676457733286313
3.4214649701585635,4.045142719716144,5.196454718129528
3.442128743100505,-0.43228095558646373,4.1039452372218035
3.0532476296149516,3.107411728840635,5.056040915650029
-0.09455962056504358,3.9313511769436458,0.6432485716516176
0.8552328297803655,0.07245543440527391,2.0804145602559196
2.6590792645386254,0.08062581233743304,0.1126697739715928
1.6680272131589367,4.724016246883945,5.802589356634568
4.956127757197947,0.24958095290456872,4.518119936876875
4.5805994655634965,1.6099572721159525,2.263109880632757
0.3360434638739538,0.0033480256475422188,3.1721729733189696
2.744783259572419,0.9499141448899784,0.06124110314809138
3.3291830835690113,0.9826786199527502,4.9229418482460385
0.2509887786548737,2.646238911717033,5.768760843519978
3.4375481580902187,4.740660962772643,1.616130119380544
4.456094513825601,3.8469879659322306,4.409038589231854
1.379584576133744,3.4606913686499965,3.219676925185782
0.8141904143020433,0.7802888544408408,4.18945147125752
4.01985601501618,0.8172373734073686,3.5971242409602016
0.9088251178534079,0.11470363584820498,3.3001821730768066
-0.10037908243423455,0.18008252596790397,3.7121828400005934
-0.40159718506663605,1.274587089135653,0.6721562262105363
0.5511065040304115,4.646600765031195,0.5553462636654284
4.865431381347512,2.6301578526729843,1.9682783640841708
0.09112475612380999,4.218943288884011,0.5584720723468534
1.9864883357990961,-0.40828689626756876,2.3776372041577463
1.6706288838902799,-0.7652077946223248,0.512580194047292
0.7777131140704203,4.002385760384465,1.0438732439691853
3.6181564875216425,1.6239521313090375,4.432696141365867
3.4916672677852842,0.6362902839581939,0.15173677487781853
-0.04455283256927911,1.599289892289013,3.7001254583482988
1.440088786330228,-0.20380520798100554,2.1942519621057937
2.3590819088382746,4.949786020392174,4.72350026194952
-0.2766034096999012,-0.40709125833897297,5.033974305694843
0.5671510019543626,4.109463939012604,0.7275966187327576
4.697635565675446,1.5804776547053967,2.511640227667425
0.39413348614325017,2.811183707371764,2.2272401198781973
4.186287828545264,-0.05649120857891887,4.005996268468751
4.02175437485442,1.373531132482667,2.035981037112623
4.032009942074556,3.918536566938598,4.063393614703193
4.10319055035989,0.8149987021551317,5.230920227044632
3.666781222076681,0.606530751418757,2.110965499437257
3.3019931369233255,0.8462111392092169,3.698973047417511
4.52135758303783,1.834005540554842,5.131107436036923
4.025439232020238,0.5857685910313919,6.178567362843663
0.48484478170646295,-0.814321061256434,5.456251363115805
3.6152335129468467,0.19541682997599907,6.122797062484761
-0.02325272287001462,2.4689345235836755,6.208965428134438
1.8422093216171187,0.6232009453840661,0.4048027717391175
0.6119245168651655,0.5514665177386662,3.7523644662236793
4.658478097497941,-0.419359656328651,0.07283223573328243
0.021271730986418436,0.08235947069518579,0.5890217683087536
-0.4730532175628342,0.5268843577345768,0.9392423007376755
1.276064420151881,4.036099937945716,6.170938386313064
4.949095950326721,0.3273543157433001,4.193506438293039
0.9558232061364194,3.9703869132798895,4.021821069276492
4.06881846034752,3.4597976492579647,0.3134890807728957
0.4521250036125599,4.845767111708036,2.733378701957147
2.7250809513910776,3.521540865369113,5.005612944638021
4.7712513434866555,-0.30932167558625334,2.830820335173866
3.440822790111939,4.640256518897402,0.2057128630452295
4.892793863481675,4.05256772609936,2.291207727601096
4.908340886043818,1.6015336594000962,0.18731407081823567
4.103758674460021,-0.8142742989884388,1.6738725993778951
3.780365243560605,0.30584922920071866,5.420564237120318
4.386694378013251,3.289316692314067,4.436938355960884
2.9732033449388915,-0.3368392035599741,1.6732627554816502
1.4600050050711428,4.9504693576876075,3.456279591863824
2.4055534203134616,-0.8699051576564942,2.5224390767115414
0.7457521762529997,4.945840764459957,4.412561128670816
3.7764926813493798,0.7772454341650403,2.789180998537133
0.43543175888176566,1.7651912841852555,5.4836051621879704
2.4474441126851287,0.7373191165769852,5.826064329631173
3.1954654191272978,0.32298542174442346,5.3821222342607475
3.6826762926588756,-0.6965848286386636,0.8069183465592455
0.104053373351499,3.940598026588427,1.7726181943078978
2.9371752891739096,4.833856226265575,5.683929162544039
1.7767573535585601,-0.24665514453429394,5.896440732166865
2.8781078961737454,4.158985031300453,5.977065596264823
3.316914987305724,3.3232366827040227,0.0742591120954415
2.7201377216834204,3.5013520470598127,2.1639139567371877
3.5308734227229337,1.3268327624135212,2.754735791011028
2.360138914625564,-0.6545505398928455,2.5223300470462053
1.0772287599669434,4.77275857158911,0.17986797890366554
0.7603341849818861,2.952549480136639,1.5392283933958195
3.3241615835050013,0.40431388148687186,5.93766021893429
3.326412440468517,2.220411584595902,5.711643873169925
0.5751538213712799,-0.269949141693816,0.816886246500248
4.845105791361116,3.3072712768975387,0.31255783407655896
3.191329291591678,3.0371851633328815,4.471645276869983
4.126464433497322,-0.9480130377833833,1.1070878510221804
2.1758623831673516,-0.6378035686391634,1.8704108552369576
0.9205092004264528,3.1544800599678418,6.276749260982727
0.3587451476488078,2.4512559612920777,5.548622600702467
3.413913183845046,0.36614733672573596,0.9749814212473633
4.142610325314734,2.9787895230617787,2.3352503907009887
3.2278932795277746,-0.3669687906387984,2.55875305979955
4.6511134591086165,0.31499624969471407,0.37179610323496987
1.6322081657562912,3.347496219968372,3.0741037040300063
0.40630458636301925,0.08595173007683976,1.2023416896633738
4.3231309133095595,-0.05587205159630937,5.133909214183459
4.4210067328777765,2.7965847143943816,5.5747807864227745
-0.23453922748957579,2.9637471852227035,3.898963379295717
0.5902321696171531,-0.3881854105802358,1.3983015131459493
2.999560094797029,0.5737298422136514,3.2741568795671125
3.8386483559916087,-0.4084237954884775,2.649728620092469
2.836808787073027,4.482988774289563,5.80826244676307
0.5537405786960703,-0.9496809093717187,5.865946627682286
0.14702866394209502,1.1060694663214221,3.398878660463069
2.2828494873585097,-0.05907395541207139,1.633516007974709
3.985307236624563,1.8019692620951941,1.5627726498113368
0.693869495896694,4.441024144335793,1.2260833310820227
-0.08677017819969007,3.244258257899679,2.8002537482985574
0.5549943147439005,0.11992217261714089,4.542081498815662
-0.12916953733651726,3.2300728026788548,0.2137686633472137
3.752955289226975,2.2514952379258393,4.48254711369494
4.016746333428573,3.32173981788858,1.9873336354969675
1.6908455310402948,-0.7308682835036051,2.2707534513792305
1.1174199809255643,0.0388437449618404,6.280457887055607
1.0241648919032678,0.9192398100796559,1.1666184797012078
3.2167209307110296,1.5048537387664447,4.726743708181676
2.5705342138626888,0.6728770928062437,2.4574965780232123
2.9314653006652387,-0.26883692034814266,5.454645569154378
2.755465307677608,3.4956282186139367,5.035848743695733
1.371781215593665,4.717614342926064,1.2513691173389858
1.167605569653349,-0.6754210752997432,0.06401575379209976
2.5016188346060764,3.6939628466673717,6.211329482933526
2.867879564510179,0.34299734700784,6.225862272751411
2.859391414069948,1.0184681296062204,1.5351233321633773
1.6056090489382022,-0.7987709465071093,1.567698592890589
2.6117564896894034,4.814514781514774,4.845712118295122
4.921732993580306,2.3725736323556963,5.054131377791615
1.854134854741734,-0.5105114065349372,2.7570979749820017
4.136580930244948,0.9293338073039943,4.6064509063544765
-0.052719697811736854,4.8636863973143765,6.000799058973899
4.313755395360845,-0.6397524546257607,5.0544480346252785
4.6793838554143745,4.5074366328137945,2.8122966998107937
0.9402520871966549,0.6770626939982654,5.438455282964916
-0.4334422138029402,-0.5326773934058002,2.0288645713826723
0.5049174171425288,4.37741882155161,0.38811145836863226
4.843971898568974,1.198494225849653,0.043080193911389106
4.437341393146516,1.0797253916328957,4.995728600235613
4.783656872616494,0.5742171342321223,1.5832003725125574
2.82128311757414,0.8674831309830642,2.5519793417760464
2.3333820179645315,-0.5948095911009441,4.381545985130053
4.07994817159127,2.0316264697447286,0.14385225453601924
3.087919311289616,1.0494084840647204,3.2338632873425657
0.8670672200198482,-0.0031462074698782594,0.7616423366123024
4.638573210418242,3.334221373615752,0.7859204799781564
1.9183469748104223,4.359422831684738,3.584424976833067
3.754559255701145,3.8429264271840644,4.590740859664443
2.255158763436677,-0.18672077132489107,2.271796551997
0.5084593370782016,4.481240435655776,1.3466870817164436
2.6592592284154946,4.487522683821419,2.9428390046722694
0.28651146345354284,-0.49818018331111213,2.574152598524778
-0.4244417776093678,4.902739539197421,3.1046446619514114
1.886401733924623,-0.41956295089423135,5.867193033510178
3.6920844452257082,3.4725488480500095,4.00434885662475
2.8778650055858837,3.286477873703123,0.6007024195840717
1.2828050669405682,3.5430052162499788,0.7727526958093229
3.444825166125213,0.46798432676805723,0.196980561543
2.1648304821043034,3.4875779103151103,3.80515501784309
4.997257437413648,2.077407158455763,4.8534051354334755
3.768174088446293,-0.7177033530101413,3.077697686230844
4.068472926994675,-0.4148254230227315,2.57340611763852
0.9275189837632798,0.6814238419849736,5.593440414031769
0.3376222956684767,4.084693680051088,0.18504237558053993
0.5961715000885002,1.553496595449503,6.0793357723923735
1.877457303904463,0.6442634680794701,4.031892163840416
0.5703514125272897,0.9813138038054277,5.1882224644002175
3.789696240437199,0.8484587275757693,4.835267695173389
4.276371349294763,0.18921226644911004,5.560459392395524
2.2943530821595948,-0.005838759253058656,0.654150977571299
3.4730799566211803,1.2610296838059432,2.010887412879482
0.3110984995594601,-0.7634514395754826,3.7567706855643306
1.0447908377173603,0.2967229568808374,1.8410850543183352
3.5188829772212156,1.8704763616105704,3.72211825856489
2.6250577286094465,0.6681684555742513,5.661514733507357
4.449701863914217,4.294005589918612,4.229810854303836
1.9632209909380887,-0.6505707112752104,0.3874985694174291
1.1857896964188621,4.165912951149336,0.7735608869275425
0.7725491496011005,4.52485493329364,6.116758343170383
4.242515363536761,-0.7860929240298331,0.4426372713337512
3.2034779717383124,2.899419347710171,5.293396483458635
2.956523388333996,-0.02955419486248534,6.199245295369367
4.4247922659751096,1.8237357236593992,1.0190526977362948
0.43493648308177024,-0.02608813811113353,4.423746925712069
0.32398550231504153,2.347606175185316,5.0769695870640135
0.17046221734418443,1.7419763697372828,5.978056055914817
-0.07958538494980666,4.968843543057027,5.297324110750636
2.4382706298205736,-0.022626985458668036,4.704597382776545
0.41152133573749694,2.8112754778501845,4.840311532170661
3.939423615514194,0.19649182102061702,4.889032155306719
-0.37564208199215937,1.5108283285720874,0.5724781329942574
1.5603383445417172,3.484626829718639,2.1223559503639535
0.6909056537225347,1.1641951817849105,5.373131533528907
1.4574842073450978,4.334799515939643,4.6363676333261425
0.7253528954064867,4.232777536635164,5.979057730457344
4.597790834007253,-0.43202202341350615,5.2857365374778915
1.6222571769339602,0.11970632945737081,4.096871368498561
2.8614594883879585,3.4692334977379335,3.3511293891907856
3.1527802121167805,2.8313594564799085,0.677570943661323
-0.03382568026792365,-0.9017529807567739,2.725770393394196
2.700464184690791,4.7965535141433016,6.044092456936938
3.547579799438866,-0.919194760441719,0.29166054055812807
3.875626013788972,2.1646971145719265,6.058851710176672
0.2181518202900684,0.5713655730652158,0.5892415142651721
-0.039428218567715556,4.3399825490987665,4.810133218438924
4.6015734520627944,2.3906452013380095,0.8151772906100135
2.099396408584153,-0.21662439350980778,1.987408380159372
4.425106489312064,-0.6853662104639056,1.9244026105690837
2.028212243023637,4.041352467643918,2.2311482737680177
3.6531495860806986,-0.22678476069399278,5.395568967455169
2.168199466293022,-0.1884787719118155,1.1365115636543917
3.397862437878111,2.9410364362305774,5.474839639343634
1.2444860216694877,0.28941013995633313,2.3563255990049337
4.394258950001871,3.6852398101789454,0.4494980543387892
0.9613943780512073,-0.5520528160606364,5.517576404805185
-0.4660274416864701,-0.812908038256928,4.820061556987021
3.466411823642631,1.2756761059372872,2.809506152715327
3.2213245478451875,4.201762159105674,4.108728383720507
3.1129579745912244,-0.19321649975559607,4.255287369172503
3.280782512723296,-0.9682663415423645,2.512536533988078
0.13403424193182945,1.6933207717633767,3.4450485549355054
-0.4637081192061236,0.3791053269485789,2.5370115762297276
0.5056358342508536,3.2616903602252822,3.009581764560465
1.8148312285744153,4.109954608347831,4.419161500408667
0.1543083932798468,4.555451111328525,2.6078512942676513
1.8482668222193803,3.300138277440503,2.538829835308629
2.929894839928383,-0.5393015969638792,4.849466930411737
1.576048873428387,4.642625890823578,1.8362639179208835
3.3967471580769,1.3573391255110172,2.1729915374806374
0.7700715245805236,2.7695934429961473,2.6871824331733434
0.291038997490079,0.0528482426122836,1.431618694206874
3.6189491446866757,2.1274277728138102,5.4725829349872575
3.1780047136913017,0.3228566969947313,2.5144361710277265
0.2522200664974218,0.8351651971353848,2.0628872163602545
3.1502605663093743,4.980937496504849,0.3906448860293257
3.6247566245941787,-0.3466442653969999,1.4051041852288975
0.4016845926430428,2.384042687741151,3.7936297432806643
3.291159553116013,0.10141071431465543,0.3029269309019505
1.4560039750998226,0.7726507605225246,6.103012753137217
4.533152381893257,4.1621674349147835,6.256264902061688
3.6334682818461523,2.00765549059553,0.8872244642146747
1.0055214362836797,-0.4659299806064523,0.3161588987834498
4.659144758007923,3.3716728498555284,2.6376380855980193
-0.3612198414245103,1.6645933849066799,1.669988986883094
0.5165320796311903,-0.5038860986679259,1.0386329348177934
3.5264404585343634,1.6731672773938255,0.6464839647959434
0.7239333632470093,2.605410095563588,3.0651078990528817
3.660569106977862,3.223038707777498,5.509204960881851
0.1440852442837609,4.936773470296114,6.195058409179206
3.934981757662369,1.6437044349860193,2.128782559978107
1.980761054563506,3.2722786723876265,2.4930155697671403
4.322497551297849,4.483154100349742,4.104045834893182
2.8091525732774083,-0.8619508820896602,2.4133396042677453
3.842495558271101,-0.7836373538706671,5.6890684309783195
0.530718001110166,4.863939936076262,4.983563679900343
1.5718832849037545,-0.6893400435918959,3.7125299358261867
2.0985686346264174,-0.42083396108403015,4.140446672905762
4.023563866703595,-0.36313718489598457,4.478668743764812
0.45254792551623424,1.416398921222802,4.152265899128706
4.183172530463087,2.982215332334409,2.2050754953712812
4.389754617788753,3.9207231835652294,3.397360771844022
-0.08464530441396306,4.123216822450578,1.8569090778559836
-0.44835296708349714,1.320674975473402,1.782704670930664
1.1101413505074433,4.88109136746713,4.235263573084558
1.7040962226886038,-0.1632073553712956,2.6851137650611783
4.837471737116789,3.0242819318317977,5.282659693799913
-0.10725271620584464,0.3897737181467231,1.3827019281384385
3.7971789587556577,3.2493944908906,1.638880524972272
0.21430438625224046,-0.8182410550803287,5.435170696686332
1.5134416976886218,-0.7320524484771596,2.2498349929168033
1.5949577389450087,0.7754164518246909,6.109039175401906
0.8396487516618021,-0.4155024906950313,0.8311406845265816
1.1190006663813388,3.128453810877141,5.38563378105608
4.792437672031149,2.864095726301425,3.4712634962672673
4.725742566617746,-0.7150188628155749,3.372057888660285
-0.3320736062904446,1.4875093758064253,3.3515806873661926
-0.13639357784729272,3.0972990577932045,1.1462152531110628
-0.3470125159150191,4.418693502950788,4.872907798058985
3.1626955104429486,4.6759921238090065,2.5357507453632007
0.7112798011258734,1.2962415402065708,3.9348839248665004
3.8745137458298355,4.60411311708792,4.031871177363351
1.3249765526217705,-0.7289315548938724,5.451850536712785
0.8512262098999774,4.857128743523547,5.822944090675434
3.4897472292731617,1.7287356830213776,3.375446914374872
2.117437863147637,4.096089774595918,1.2947471635723422
0.3206558032711533,0.006986513004325401,3.3010069621131053
-0.01905185391671249,4.61506043779106,6.2775540229930975
3.5544212562668136,3.6467371735299636,1.8354061239842507
4.232267841834086,2.9175751105668097,1.485739196876826
4.3969914305593205,0.03837476564122899,4.651438459586997
0.3440001150055594,2.5141367610603087,5.595258491510093
0.7411157675316291,1.4116967336224793,1.2272087122436695
1.994381389615143,4.357221416022243,4.47886371841067
4.185215554830875,2.3047223827580794,5.9911026425126535
3.076085803593978,-0.46568027529908895,3.5405521815789034
1.0081382632432832,4.2520187495806505,5.559481220211153
3.6576625285644866,0.867844584007117,4.298659920875253
1.8949209642633562,0.029425249818507915,4.195154864378965
4.905201698567909,2.857281221198182,0.8496233489745514
1.857999256166429,3.847841498079889,1.4220508116332236
4.104579918969504,0.7418270529959434,1.507329596483478
-0.4200210275143934,1.9243075508660734,2.3361161756748636
3.450216958012425,4.807888386558226,0.802668178720542
0.5935419020106836,2.3025312530545197,1.2240543698380146
4.612313325498439,3.2424822308141055,5.137349044034723
0.5980475735965309,2.8593834012448576,1.6514260587651712
2.588726872413289,-0.8008230629004454,0.3692690953489835
2.785400929672417,4.637986478185267,1.066856418560826
4.2214388501473135,1.7511193186587226,1.5524278255182082
4.064402046385219,2.59197129456735,0.9687793831276427
2.3814311032479756,-0.01462451215128202,2.0826967343224
4.759840626824404,4.968447362180697,1.8611199171050448
3.441343085527478,3.722706310928146,4.916222780984222
4.516578935412084,3.036346761288211,2.587342809977238
4.6829829276976,0.6181763725963594,4.76154183332925
3.912353859749323,0.14882927781997246,4.495533584409507
0.17302150627528712,-0.46215594079339617,2.115308763517161
0.18435729028892156,2.345821672972348,1.567324531712991
2.8893296266337813,0.26660647154167827,6.0655769543553
1.6183377832444985,3.5662905966585825,4.1362816484433536
0.45605497142995055,2.6394147920055344,0.6497216994081341
3.6919441468321317,0.9050609364124134,4.825718925258503
4.199737370050509,-0.44296057369971886,0.1872841324090937
0.23042544885358507,0.8490579886657554,3.879992424367982
2.3425921522021906,0.18382445821882443,5.471117365455654
3.8450842488943993,1.5344211018864664,0.3250594625019377
3.5194497703149503,1.318219677068972,3.5118935886692015
4.880364627107513,1.5572846318188622,0.3892918194056752
4.932189783130401,3.5581110322974343,5.175607420591394
0.5046775826494483,-0.9322467679634587,4.862823066566453
3.801445832405755,1.4639377098840418,0.9377566609191713
0.9944545129423736,0.35000596031933995,2.0612460496641263
3.0530829394022967,4.036276371812004,1.7132523356296259
0.5982249198415541,3.460201270981071,3.092357932701893
-0.31076185377086496,-0.261957124053257,3.339487503688031
4.928683389579766,2.003011933297077,1.738769588408603
3.9956457869284847,1.7930876206454558,4.462918202409525
0.18037890227712372,1.6375214806895508,1.2189411122837752
4.163831865677372,1.214354625242691,0.31634934079295224
0.9197161096338493,3.120178095074383,5.075001548334074
0.8600660721357931,-0.2698717479548398,1.0085667160373801
3.7493899271073934,-0.7006609840861953,5.992793099887875
3.6654910679641715,2.8608497433448346,4.272064778707787
4.1527653916262235,0.20321463195022282,2.212569873728783
0.25158604337662327,1.1518474712342477,1.5724515283477505
3.6117239637379708,4.53235737076933,2.70975747319503
2.0840313085026336,-0.14861257118915683,1.198785424210487
1.2923587447006202,4.09874187927317,1.9853224406918668
3.538665826518991,1.4345214149249363,1.2033701380832436
4.148286945270108,0.15046005137820595,0.1237822441395557
1.2735341665974493,4.909305178512864,2.998382080400433
0.3514635616325409,2.645983464025168,4.675443606090128
4.954265950836384,0.3334234119758863,5.108476298547793
4.55554494080844,3.5804919637171073,1.7958933288334429
3.9792786939981575,2.193550089896446,5.218722684858318
-0.006687277809874048,1.1393889806981141,4.561093193855165
4.519002490995101,-0.01892249118706224,4.4385188123923225
3.7605872939575207,3.9676865016785996,2.930276857266935
0.582747131182896,3.2399082826867867,3.3288145229750206
1.1262798584873457,0.5635740471531094,0.8037527313979582
1.4566671532726614,-0.9235969100689734,5.3848681015034865
3.5492859877109995,4.068971920601646,4.119981934013627
2.757995781391965,0.3339974111850219,2.3220295516354694
0.638657589123943,0.8461285275838724,2.497335274734074
2.8556023043618657,4.343874452523371,2.6696290333024155
-0.4226750316809848,0.17924303221954974,2.6270475165500486
0.11461298416674326,3.0583497513312086,1.0781509765995978
0.3866429940865841,-0.6687947915391532,1.441048473306456
-0.43449643912440195,3.6208294525056406,1.0322433716665942
4.6144913801502305,2.3996369364082906,4.543880296027517
0.8172992550974376,4.967676747172972,0.2839680679296648
4.674062936506431,0.7760560917857244,2.7142530374902676
1.8712307091252853,3.321491086814162,0.27138006348815424
4.869347692784865,4.703100184009188,0.9096118453477655
-0.04054418455702513,2.65774158128693,2.536050125058261
3.1189031683149215,0.7380920501186985,1.5044619547860123
3.4413270639351197,4.901308142751139,1.1771793092992782
1.547325633072604,0.45515980255627264,2.854498690042245
0.6626183549743809,1.9614722766534056,2.2514020041089755
4.974148918633236,1.1644218744242103,1.2228752595072923
4.22139429054803,3.2771198189547066,1.755814683512155
2.914998941309732,3.889697232769805,0.8925260811201754
0.5665487132754006,-0.18658391086121107,3.748597612578302
3.283529867639687,-0.7551679753256046,2.7539205321510716
3.674494512551349,1.6672430063488566,3.3744900343405337
-0.08536193718108764,4.997343493950967,3.6017247799279413
3.091792701025584,3.7833360779940026,5.448419328393381
0.4976328361359874,-0.6071667711797866,2.184869721223723
4.9569233759474205,3.886913868952381,3.5147922044617967
-0.41281048424944233,1.1789518594024915,1.8759121981846718
1.3387185512096766,0.8161758284337919,1.8418894693424197
4.280565435385748,2.947873609222044,2.518211005755686
1.9106777106471062,-0.9977314907070975,2.215714427084492
4.356929008227987,-0.748438546508297,4.3211496073108195
1.8353973221404836,0.19424124084664074,2.6586538891743112
0.8876669821176018,0.3378656456009963,0.3143852452255286
4.029876204268968,1.6295025514235992,0.001561174800175491
0.6672433843518761,3.454540014840072,2.6615692162240965
0.2153877140029592,0.2003363554167641,2.5752343857557283
0.18987230759234142,4.205848696846948,3.7450858668306166
4.499895795671178,4.085664901438946,2.141119905243226
4.011692868985257,-0.21430184878921166,5.471027672722915
4.424491510178773,1.600788243331119,3.8435285712081653
0.744831762868563,-0.6067325108907449,4.582226720394956
-0.32085207601963955,4.8005725554735585,0.9449731650149613
0.49184847600125536,-0.0810663139413581,1.4994511778268562
3.7513828811360836,4.269842345968461,2.5456528761242816
-0.415227531333609,2.151789975923902,3.8406013459420287
2.602726330098231,0.8969839630340124,1.1155723769442762
0.5519672107342573,-0.5190506373920671,4.910159618879605
3.7166337530912887,2.3895101585399696,2.0502870695526867
2.51993966492222,-0.2888544669651838,4.716320682938305
1.1137454129515592,-0.5133893626580304,4.1710423607742575
-0.24858068379810955,-0.18433518266076265,0.5634432754833402
3.9523580588845615,0.6027522648360424,4.23181194605173
4.491244078568737,4.8842934671298766,5.017394726958328
3.639561358451015,3.2411459350118124,6.264067451922332
2.2259224984631834,3.339892561666936,2.1300252138027784
4.140813921942147,4.858681715893137,0.2253839916780588
-0.478985183104637,0.10790791788357934,2.2524591631308737
3.1627657384351595,4.393541271410269,3.6765433055216143
3.7206225452355257,-0.508049307363182,3.398407281182241
1.2966093045574856,3.0673079787848154,0.19651442827129528
4.2111443001918785,0.6572330532117843,0.19585819638653695
-0.49895499115961073,4.045028740965269,2.7603532236750814
2.9766611629125057,4.427652723508399,5.515083553571578
0.8824726275266135,1.1413940657470443,0.4485737777988309
0.6537892854782181,4.643443884770177,5.212462829876221
2.9438821274304425,4.154855417491035,3.3686225568966095
2.2331415133889894,4.236358166483425,5.546415375248404
0.5300437856996754,3.0540203572920506,2.239247045611332
4.3739621145176555,-0.8880626394694457,5.127106609853143
4.353126640930478,1.6071763981473204,3.4990701664557906
2.522626227662163,4.529400085708527,0.9833969272511046
3.3835281514538247,-0.45435782149707515,1.2634328573673823
3.907938504039774,4.446284156157976,6.096998046302874
4.086209354545634,0.6876344880734218,1.9121172052468403
3.7028783460612704,3.678170008088564,0.2727502112705364
0.8373186160479844,0.74570655642817,2.771288176416829
-0.36531346891109284,1.529519282678872,3.6618916011794957
3.120391930602209,0.0760633888365938,4.342740697845413
1.7619173196588545,4.288372249323302,0.0036871954066366205
4.418434648126476,4.601492779970609,1.1897119455124527
4.229161401506898,2.8505796087229434,0.037478049095400416
2.4356365169738092,4.329649266489973,1.3129067679432567
3.4214424750894548,4.9810349356621,4.008863151172672
3.4015333253182223,4.013587995134468,1.919193576128399
3.252555912259079,3.3495247457256028,1.2216514948316595
4.133332298871846,-0.589629114410174,4.7912085406479825
2.675252218846547,4.406474597992881,3.3513044244620915
2.338239139121129,4.001778195435271,4.007203730904465
4.389393619106405,1.8772552376627782,5.0483773112974655
1.5171312338519547,-0.542230954569686,1.4931413784854173
4.130537228957227,0.7940910090710169,0.3707653764710852
-0.03063577076870294,1.271409184328288,4.169027598634285
1.9694009302192796,3.6274089073113167,5.00078083344271
1.1015801870523017,4.368024834709588,3.252798193230962
4.193204204344671,-0.020299424070158834,5.0816942679854975
0.4870053997125152,4.435535341064194,2.2701790936740087
2.11373543360613,-0.13839465090458836,4.493468318201605
3.734011713254505,2.1061986878613315,3.310818986782181
4.675373293757561,1.3994444713688203,2.057403454566034
2.528343346792922,-0.12861013974258695,4.212750675184833
4.568899103743084,2.670047418341553,0.7706697973666288
1.3510742929004729,4.54801274341628,3.122040972316248
3.70375874224713,0.4492176400862933,4.356592460982264
3.700490020747539,4.683043587728817,4.501404844850121
0.45583795300120067,3.2663283999455865,0.7561263944243667
1.0996756503157468,-0.01645275552851877,4.670887570119782
4.817832405957965,-0.5096714022915747,0.6827141515433454
3.0454235353650345,-0.7950890111301232,5.010257157528401
4.499708102190954,-0.7231197609773263,4.151528373202107
2.620547791342096,3.2979641252024443,1.5002139036870934
2.7961888146062206,-0.18926804810523468,3.57856603063256
-0.34442714107182465,3.315035193650157,5.778664945656083
1.3689613519344603,0.8342167592302374,0.3140731294285479
-0.49878065159336005,3.581601056281711,4.474481468834506
0.011447530361171632,-0.9163010401925347,4.256448522717595
0.8315192117963819,3.8988464565912846,3.9228615743515856
3.921955015824575,2.712417348469416,3.9536219765258416
4.121548579172788,2.63938099472971,1.9886254242875743
1.6325328984870056,4.014453825228472,0.14046724324036958
3.9782305179767476,0.2613341524685975,2.4204483206002805
3.3835952227241495,4.843545642768657,5.405600629573308
2.5000114301141294,3.978711771227122,3.278072737710493
1.9205449339646434,4.519310758839387,1.7159325759728665
-0.42635126496545533,-0.544069113039571,1.4511472188845478
0.39343893489595416,2.975424311377034,3.2854995143643575
1.1160290541337607,3.9690213990122656,5.113882947882579
3.24309435373279,0.7189466424178579,0.2675380274544026
3.3842942234875584,1.7627788446115922,0.5351163213906751
3.2441845330231467,0.7007329915441185,3.022437945660528
3.7218940861005834,0.080244644296811,4.861173617062204
-0.062466414424459604,4.116547502502042,4.210434424357878
0.08238899628445084,3.0711645152534572,4.0392679852019375
4.204431381441626,2.2234003367666073,5.018093827409387
1.4626076412862392,3.971257435715991,1.3301861690781345
2.6260420976593037,0.4758047206548497,3.465847782203667
2.946644142356935,4.698293186039993,2.632671793454624
-0.07679308824626252,3.8464092727359356,5.110243789537302
3.733846245015279,3.2085090358998354,6.0753512550895445
0.1787128048973452,4.14680343085268,5.191316904144211
3.2475595400871935,1.0225828450742465,3.546679497041364
2.207438998341761,-0.9419753942586293,5.773513281729815
3.194315538984095,3.164080611522526,0.6923636414221165
1.5405151288260024,4.173244831470335,3.6404170049874276
-0.246793907566903,1.52090598695978,5.612972849989122
4.803163534468831,4.305012843186294,4.0811280803632295
2.3747229467435376,3.948871327596815,3.749484717539042
3.5817955258347345,3.6030039103386517,3.1893965434970637
4.008277964684847,3.7279058132746226,0.5460991941707207
0.17516283112957776,4.718466942919866,0.798038009511483
3.030486105606929,-0.14009786982207806,4.731064863826428
0.4500736819034137,3.77419069339196,1.5128202868984526
4.030097742591451,1.633799178209749,5.026475115935748
3.2458388026004847,0.521282019476419,0.5927276976848334
4.668947509787092,-0.8121751277358358,4.847296014020886
2.9599443424783076,4.573491430358942,2.7862155096225183
0.7383970360012406,-0.7477435579004836,5.050738776190134
2.564256502039057,4.177912171698464,0.09184888897965116
3.7447475232794334,1.2890670041933916,4.716088380999219
3.41538563638792,4.371486107766444,2.584108091038034
1.382631883008168,0.882117365192358,6.091285970420245
3.1044313283209233,2.98813025725804,1.580346353377779
4.643979837155909,1.1900615687611786,2.5520857801971935
3.266455237047445,1.0104435182380929,4.180321264175164
4.509170817108856,3.653206947017855,4.43472211596618
4.0519330600049495,-0.1523989363823468,4.321983875378393
4.203510681469423,-0.49335830951686876,5.223438604722398
0.08762757181315894,0.4253908706236087,5.886607336470903
1.0995585850237841,-0.12255010046908477,4.540175561093356
3.8457029146311132,0.45801085063592906,3.2259955241170575
1.0114412273657631,4.5403354776858915,4.691287193040366
-0.09461735443179148,4.438593237638533,6.16645607254815
3.2579630685992225,2.707525009008437,0.02486411805184322
3.8959847606347147,4.438530509857946,4.801456512332538
3.029722944772005,0.7559255926243689,2.7180890451720217
1.396638350337525,-0.4349547249097494,4.296587955825007
-0.3816402670389676,4.277622402286201,1.3576349744704317
2.5946391066418197,-0.830680894103621,1.437507068237879
4.21240646093293,4.249857460706364,4.855607859550567
-0.07070720741986464,1.7462422982797987,4.77875972313929
1.608256681013076,3.4666752876256286,4.171751316872431
0.4067504463956766,2.1628318827166915,0.2763712388821056
1.5900434314829108,-0.45837309126941794,2.7537205614054727
-0.4284577964381309,3.4026144723104093,1.6484639204223066
4.0526960590713,-0.23442869439947822,0.3881670973244024
2.2293382068769736,4.6701631434973505,1.2681621400001448
4.175155123401953,-0.9129853425850012,3.9895195090619238
1.1019339865341324,-0.17658200718884443,1.983629094540292
0.9713433482290372,3.904436611004656,5.3731039944183925
-0.22778185758311048,-0.6510845261123965,4.483337418969481
0.9651950155330997,-0.7481297888401663,1.4564767890171422
-0.1358348348738041,-0.4803797116635724,5.482494386598659
-0.2714283205436197,0.0460005284389986,0.3679761797742955
2.540018092157019,3.5036582062381783,2.29100490804383
0.5110918807195501,2.9908984104652,3.54461417822117
-0.09158252864018251,3.744667936564907,3.6117008356633926
4.541931077773371,3.570890935813103,0.5663071743466104
0.3180364085884282,-0.6114179488924338,4.526795846668485
0.021569348981823055,0.48339896614989764,5.9574354507985205
4.838729320799614,4.572240505626751,4.534114335974585
3.491647229184071,3.223924153624745,3.754843572984935
2.5976219770110753,4.8622007583956774,1.749136811789472
-0.11285657233901414,4.561424241758843,2.220893703807906
4.130324822268995,4.56103086295678,0.18533760078719563
0.24420084202414094,-0.596884293956546,1.7075666043161644
0.1227093720720428,-0.7136567487915402,3.6995578710357244
2.6280897426301193,0.3802374089404419,3.2629488508254814
2.8721857287481787,0.49637967799779803,0.7735990404918315
4.327039046980921,1.8011458638406452,2.16937813282099
2.2731266471950464,4.563883260557348,3.4641502740402097
1.5853122328492768,0.38188883890408687,3.300708242835539
0.9111498641923526,-0.5107082882603466,0.8625897736551342
1.187656533502086,4.719568491495016,5.2207434690922385
3.8745478764150025,1.2218220043850199,5.38480593104216
-0.2758071998026208,-0.41864955597683084,5.393053310153222
0.5348497705852362,0.8665437192934584,4.013238697419191
-0.0014127161627268126,-0.7682204134408919,4.79315915584785
1.3333887771637807,-0.0995029124046054,4.964658890946691
3.2640716193901844,1.8460011978403656,3.126679311696417
2.748931025476784,-0.5049834054540898,1.0370726368482674
3.141701744770324,0.9405916425065481,2.4601479440209553
0.10379295323108861,4.173028792661455,4.285831881106427
1.1294077527163857,0.3711945741019467,4.6516920900369
2.2344073078995947,0.6635992216382323,0.7002782565828952
0.8401376333561663,0.7180230855679552,0.7310570639005761
4.039158569917722,4.760890974829768,2.1076792681821868
4.150008688383742,3.856551780101392,6.175775417003693
0.9602094668233132,-0.10143151152145524,0.8807140369644065
4.680667722302215,1.768358759293836,0.2747681127951344
0.11521540520673823,1.8054542072084434,1.2712160832888677
3.730503697831156,2.7339742035314645,4.683977906474143
-0.3889745084465437,3.0364224911805593,5.9202745868395485
0.7997636494783107,1.3540786735509966,0.21757174663298415
4.288043173706063,0.1897183419485995,0.4787555946011549
1.4255774989620795,4.668436147345011,4.746945902724195
4.628637211823324,1.2225811247344174,2.731952628472931
4.611793503425712,-0.25030912748435363,0.9307800663233746
3.9010591729142794,2.250281121448158,5.13648617490541
1.6785799707364863,0.2413841557630101,0.738860252471529
4.220476768897876,3.8045258872838916,2.8782607905963706
0.19394707297095304,2.5995895103785425,1.4401916913991133
4.185771029055481,-0.90722648100715,5.3623845092333084
3.9893568743204275,1.535317036564293,2.788106017201041
0.24560992248767388,2.3129747235344533,5.924742435542436
4.265895843381518,3.582954438718012,4.233698276220922
3.589749171816968,4.613777810875143,0.8533031105165851
0.685038161019073,-0.48291949297968606,3.024243152991441
4.1657204819922296,1.6159982537672857,5.24317077344102
2.8011758893222845,4.046781904549256,0.87914357083208
0.3123800608475833,0.12856725567172478,4.918602860064343
4.2246970002180415,4.865217220790921,6.27605341765596
2.075559699427806,-0.559396730283144,1.6802415374362474
4.035543112286822,1.887856941502589,1.149149748957577
4.715944265040994,3.1102734664253546,4.071080469825685
3.6606418104299685,-0.7930862378404802,0.6679209700191409
1.0713802097987744,1.0322780145884254,4.974099687787228
3.7231134108669988,-0.8724828935758389,1.130151095667428
-0.4032111293748232,2.0053692677753148,3.591625752502514
0.21401539858870988,4.2148060168412025,0.17410707375147894
0.9259129859124091,-0.49478244095843626,1.2133626816567755
4.285505805472898,1.440514707513847,4.372021128883738
1.2737410699062606,4.478386119412812,3.826900712426856
2.159390476604489,3.9818222074318204,0.8878084512854876
0.0887448602460631,3.4298503707667836,1.1946380032435002
2.6167305731081774,3.2637521614827696,4.614210147254435
0.02796993668860881,-0.9536986412202211,6.275899877697871
0.27881285802717914,1.6145412740936793,1.6559437511175406
3.9053481735509186,4.336849014274257,4.982903406151758
0.8415065743343624,3.3332804446931963,0.3545421679064541
-0.16310458899686103,1.1116373667340902,2.962149151555719
0.30575085811373937,2.7150717617065196,5.807607890101851
-0.20950801940910257,4.181891124213587,3.7545320774780473
4.068037740908485,2.2918901995001297,2.1955508412115323
1.6845055152478818,4.126156841106894,4.520130659892529
4.260112918394556,3.420943304814841,3.579116687645704
3.5921730742908915,4.980280125558499,3.172578075676616
0.6053021649447188,1.0472343784282998,5.105480317460819
-0.033537872627039056,2.094120375974742,4.899444084739187
0.4424648882383537,2.7861024705609756,2.774784434514785
2.220190904569471,-0.9107170552052546,4.20329290499598
4.075901237429849,1.8203814649792363,3.6981339704383913
2.080824636794667,0.6722757209757773,2.122526317413231
1.63098734451571,3.3277302006855844,1.1312706479219026
3.651951861007472,3.0213347657090255,3.4768285612196888
3.289168852073957,4.4381365935195145,2.033707031864057
3.271747837413729,1.7901741701139366,4.798392010740035
3.7437691362131336,3.27244895887634,5.306652027611322
1.6923337079440812,0.07695810094338706,4.145711637058654
0.154972126818692,2.917291076485257,1.6441546416680863
3.9986339428154016,-0.20799208052148632,3.0622558225825367
1.400373670585904,3.7758766039285847,5.879670771572914
3.304694388310519,3.87185380433895,2.706260108939572
4.93656250156012,-0.16437096590457623,1.8189680737209848
3.3596895449463178,4.549669938421241,4.980368321731602
4.486771521221907,1.934823081951813,6.027630527502708
-0.4265477825103157,4.479391836144229,3.6265925190895127
2.8204460841938106,4.190296393488426,3.8439565152618194
0.03527480703501262,1.1204219058300575,3.6499195025391664
4.298775469534422,3.3739044344153113,3.8206040017694822
4.781362641672069,4.289161877007019,4.867898530863533
-0.31215532355374387,4.993652855554538,2.6743557765327375
0.23293742702899434,0.5203151383171103,3.21484147455851
4.080185693321676,3.7339085440562005,0.7567180051545305
3.277875348442892,1.3221831603240357,3.2214424918468128
4.899117771223051,-0.5917167142291198,5.371986404382509
3.660800571688392,0.6847739357888476,0.5332331050680296
2.76804540988512,-0.04468978685779468,5.702117251954762
2.465837895386073,3.332961861500886,0.8697788964413056
-0.4457295216086647,2.2718091714468356,2.8530167378838174
3.81098087318962,-0.0880828907728255,3.627883602505481
0.08659259733306457,-0.035013958690000235,6.154166014225231
2.8322187522386826,3.5513061633086718,4.2725782842366336
-0.40830330302767787,1.961459956745995,3.737435688213103
0.40736861366316146,3.94339018756442,4.019887575765427
-0.04782212399946101,0.6382487555988823,2.2807119560378135
3.0000783149471797,3.1621600022182994,6.08894997096367
4.126716316019107,4.5664731736542805,5.941409795259563
1.077309942515622,-0.576670450456723,1.7573545690265677
4.483656012077313,2.203944786111128,0.35453266131643185
3.366278268851717,4.052866456587959,1.3662352097419674
0.6369728037715674,1.8608062600771027,0.32206950747485447
4.8157097124917705,2.7848369601835405,5.407527990328809
1.3814127417930917,0.7883170822908554,2.2401719871162196
4.033113424559112,2.7007854817815886,5.633569800621296
1.9888461164792126,3.924025370166625,3.1519272067554813
3.8437215921192207,-0.2877171071975324,0.3794489326744064
4.56507470771912,3.030063099712228,5.49899605930484
4.464978336513864,-0.2963027318376936,1.394609616422476
3.9253135335984695,3.684766896892949,4.536447385945018
4.519463154550897,2.6472401899522398,0.21477918568610171
0.34336875750644236,1.3925964197394909,0.14184953517167073
3.0549427323936578,0.0643309645299075,2.1480276330197245
3.61499616133072,3.9184248650697544,3.4309057562024825
-0.2231504424245217,0.4795009412255218,5.154185596576328
4.159855883985059,0.7747256684866926,6.005508759115342
-0.4894545335972644,-0.27659099649237695,0.3167598591100198
4.39497569078127,-0.04628559989099257,1.2036622831202335
1.341018071575619,-0.14477843293597825,3.79174247752399
4.6466843297559155,1.0614959747412467,3.2190642184515275
-0.16120800306433958,-0.11304903234860308,2.8843709522938616
2.4988939995808237,4.357757893455744,5.460782629285767
0.7221962062735074,0.5411387511073857,5.042148849065555
3.3623611730718825,-0.9980236610361373,2.844166608106688
3.9980008133018625,0.8901963716759225,1.376606608456908
0.8543719415628956,0.5466261448800931,0.18812949408241372
4.229420141981945,1.3761817893857256,2.191429596018893
0.4757740879229827,0.4197668638466736,4.888002241423112
0.22205436159332326,2.3378955878596015,0.5084006677556495
1.191341889693848,-0.5957080155397991,4.941145563950128
1.557697883658037,-0.5903888315938632,1.186507130791885
3.323968032723233,0.5291983400110631,5.68137336050925
3.0822611722008055,0.8247323964971425,0.774197947275488
3.8215442727502724,-0.8270584264262415,2.0210398517192103
1.1144613606879612,4.313155814846806,2.002737965369501
-0.1900780851675581,0.7107228134867425,6.2684120403709285
2.502708374260889,-0.4203178505808767,2.2569886548008986
4.3272249177035205,-0.1430679810803508,4.674328015649818
3.1164967790460985,3.044866485617894,2.1631738680639594
2.8400334575774155,0.43021770697152073,2.8842937322361193
-0.3252516621238455,2.6694562330944454,4.030463719591872
1.4107903465735825,4.399588943338996,3.2101220435429876
4.776634250259971,1.8376807538225277,1.4168869415350454
0.39907072733434235,4.482645527874743,1.0488122571874967
-0.013977552328213683,2.6080222252137375,5.929412449742422
1.1779903837197934,3.4537230894142965,3.7815964884804045
0.9828472163075208,2.8059009703785662,2.8447712987729212
3.3820147323097944,4.394331031716758,2.6869620141716433
3.3230052825528444,2.5398073328896493,5.7193375258043355
4.090846110438217,0.16373224789972896,1.4792045597217296
1.2808094816568976,-0.5284295853220715,1.390657459684437
2.9275658646381566,4.717273816005585,4.4649993323360295
2.4701263482622764,0.09895402890618255,2.2351527873378925
-0.10568232530837368,0.880384496199051,3.609609105762426
2.597262038662546,3.9022137225353752,1.4248641544375653
4.868315946057088,0.7799322876473469,5.830026263966042
3.810084057798351,-0.05690944875206472,5.1841651303075365
0.5805875991346883,3.951046840783917,5.152386425368301
0.9847935855991237,-0.735770713663815,0.26503749797037907
-0.2666678794469883,2.2016464352417504,0.1312039101286697
2.698694466613161,3.2242422709359806,0.4467813277652573
3.12198511006266,4.23520381587715,2.1627435793431484
1.7923127600371584,3.2417901363519643,2.0421070056250468
1.4361428622643233,0.012619992913698308,5.347204965784701
-0.27657764413502334,-0.18206727943590462,5.291959072007265
4.906318888183669,2.8041519688811385,5.245138388481409
-0.0864149133249914,1.5803423844007138,3.0349430338114827
-0.35993650595035726,2.239668602025687,3.5118527638220374
0.6841660490333084,2.699665738399571,2.7420235617071773
0.24902435667093925,0.6876950537524364,2.3209291171336686
3.869380604172246,1.9322327484074595,0.5335300978361168
0.3339631545335998,4.046127745860641,5.036038970743625
1.3697253683428352,-0.4568214089623981,3.6449625555245593
-0.42713390459067363,2.427357922370784,3.4270064932791375
4.623629982385096,3.9693808976775937,3.3230032802741842
1.2657221701047845,-0.8756284034856692,1.0132683749720635
4.1358312698717175,3.2927631576036296,5.207371473500293
4.790641627403504,0.21103093465868916,4.247508710297124
3.500986114498895,0.9939441295569476,2.8048496667251457
0.9340801983953988,-0.9774278296977721,2.228287332196697
3.8045856645851197,4.011436088071909,0.4512653718946397
3.3425538637800036,-0.5188976292970211,5.421219315711982
4.051644340269413,4.5011157872020355,3.918030890508546
1.4975792322889825,0.7104323291086982,4.806838046585023
0.55273457985904,4.612208943164946,5.419560380707884
3.3348214617565604,0.18772880010792625,2.2079788574151946
-0.484147124204087,3.674528685813314,2.5516911671026543
3.8113451771466726,2.1581218706255845,5.751292839777089
-0.4602172878106177,0.8914174376389996,0.6785431265221304
2.892405063473871,3.0701251971843435,2.8124064682433065
2.770376178633703,3.7574175913391583,4.045345749640155
0.0803183143931836,4.271827438756619,0.877840450321876
2.7571126048999424,-0.627745319191019,2.110075896247068
3.6681588480034133,-0.8892202425058351,1.6589724246883546
2.4479557701917956,0.6290916693205348,5.9494151066657475
3.200183028386561,0.9740876309351854,0.007228576146077239
3.397694419880252,0.609209225759876,1.2631487024618813
0.6325043531200973,0.1331898821746229,6.1815715548357435
4.596390785273208,0.6864487594103281,1.8394927226385844
1.3014779697267231,3.385983423260919,1.2828779447102385
0.06750588573132998,2.5212568007010225,5.142527906513662
4.980227593715214,2.307923916263614,4.876979023198924
3.0977760969830976,3.8958943444294114,2.4591071291471263
2.613658604601305,3.9307015330375386,2.744193744696069
-0.35046422739028454,2.3168026884331256,2.0460908263234887
0.8204380533497262,-0.7024246686041888,5.230204750446361
4.8607898112108545,1.1771097813215468,1.0077537351285974
-0.05432663983983721,0.6543027920975222,3.2423686821559645
0.2793549172513162,0.24865485939068788,2.1224546070066985
3.756846689376161,3.97043918603812,0.26846263416036736
4.190802381563218,3.6464489075828723,5.608065482072371
4.2367555556322,0.8370950408214011,2.267465782163055
3.6812218602268034,1.7236474540986904,3.3074021188595393
1.412117546606966,0.7669955910142414,2.0849092259322397
3.9721771514235886,1.6965631245777208,1.1209383802825414
0.26365212832958984,4.935307935374765,3.2298549051896632
-0.0521868476493364,-0.5156524249391872,2.9267693515406896
1.2068718503570584,4.495003401540377,4.656160064386792
-0.47945898485489763,2.4703774918436574,4.998480161665285
1.5513777703214746,3.5418748649518648,4.0428214516797905
4.357239993880927,4.8864493882832285,0.5007731496872436
1.3379681413439801,3.50050570058875,1.566656185495573
3.1446908496980255,4.467663810494464,1.1199369369041452
1.1481663557598774,0.8057730739574367,0.32498296377879443
2.0718663103429984,-0.19005418287557085,4.530508696159099
1.5221297843202182,4.655743225655181,2.077123242255843
0.8067232748601856,0.16602766991326412,3.247444285384044
-0.015326041498841314,3.772756291966078,3.0866036048916468
-0.21333270802932924,2.563313645570422,2.7270731667073473
0.7248671727167435,1.4407841145793747,5.833455378939685
-0.041743931868436224,0.8424747613622958,3.374040925686458
0.32847184868545076,-0.9024417392214918,0.8680976937155156
0.18705937020327634,4.434770618365052,0.5700497954653049
0.8099561805490996,3.610456550646563,3.022289351685328
-0.47575123522656304,2.9562821440987976,0.7055664909142756
-0.31898335254364957,4.3523273632161175,3.7870394241328524
4.945294884453091,-0.37988325365314446,3.1676276768955787
0.8482946594981757,3.153336035480293,5.3142761528580955
-0.27544819233925344,3.220498203771837,4.080155600742541
2.5340257606478116,0.15762073002844623,5.707459273800038
3.5333250852154316,-0.8847891452693124,4.146176867579914
4.65340595855357,3.3143934900709775,5.151988757631993
1.679953888171581,4.924161542033344,3.5261824864534175
1.564292048034706,4.097455157688827,2.996094941111018
0.7896185484855218,3.284082769610075,5.050710604473478
0.45685650962249513,0.9255390076860177,5.419418538151081
3.2236046508208176,1.2954868989703794,3.4190559730999035
-0.4187649729430243,3.67418372411643,5.624602436668156
0.2611738622187937,1.1243294075099133,3.3134975304586605
3.944594667538209,2.6140012334926483,4.468987690800035
1.326799104018713,3.76372845803854,1.8703179347998762
2.5753575282422636,4.581023174338772,5.142814286770904
-0.19478472990479895,3.192878459543156,0.3956660779322123
-0.3474404865262125,3.893830384907787,4.088605528350865
0.6399213991628767,1.3392815824040802,5.322985611368426
2.380967658263728,4.130432628014714,1.0669738402504947
0.18919614223013093,-0.6523059136438183,1.0043241874910427
2.0247018384106465,4.026062214749796,0.0021245652450275422
3.7926592584268475,3.6876240482468594,2.423766310176561
3.381830785427633,4.826129942921146,2.0845150353612043
1.5299380430621272,0.734908642415093,5.665826941258018
3.894515359247369,4.360727109369741,5.690994570509972
0.9474683441704799,-0.8614742077576214,4.162506941300169
0.27121263111230887,3.939289529582801,3.9546289296060757
4.829539722930129,3.8941643397816827,5.526108157853655
4.301540416258927,2.903894956846881,4.141286314228826
4.308033161043148,2.469384450847582,0.9137771995327555
2.1244474382032315,4.741616893639495,1.2030366913011408
-0.3055635149634668,1.3718955159171307,2.0330146496653714
3.586299295502262,1.3463840084562988,5.2335087518067285
3.845868221655884,1.1817050483849463,5.582824633998007
4.808219337365723,2.0223868205320126,4.648625437563249
-0.30320692350813183,3.2285548558508985,4.91456807730684
3.970464120633573,1.6361873749345923,0.5937037109164544
3.166243425688902,0.1294786422163019,3.831796177244587
4.453081628308936,2.297193413976141,3.708908631807443
0.8838995757399914,0.2796225889084514,1.8064657857391493
4.96385520769863,2.733196467100782,6.2335481340303005
-0.2918321972291951,4.879058657949664,0.09428443834025968
0.13093572151160648,1.6728354240029257,2.084387477817195
2.1437275761549186,-0.08652504809523198,4.8858976832368
3.4542294909874194,4.95530323444043,2.0288732511655327
4.595716627657069,1.3406505480973294,0.4894996765937792
4.159992961525428,1.9988874430566508,4.0938192810781
4.837823378750306,4.241159750700371,2.6351155079306494
1.9274725168357794,3.250535555696194,1.7309401495760377
2.741975507619509,4.177683772748036,0.7579117321433579
3.3057193735627313,0.49052924510958174,5.944316056025897
4.4658463534596455,0.09015194725857456,4.363979257479358
4.482823722701471,1.292450558733515,5.86742323672044
3.7424713927632602,3.5075419724919152,5.87728776577293
4.989371012031563,1.8324724950843807,1.6413619507052344
-0.06676662399499284,4.638642286061694,0.5025363622137369
3.3898422031909288,-0.11761585703206068,5.7171141802155825
4.467379223854108,4.034056809396848,3.971346965922735
4.419699973907441,3.733756025177703,1.8168974745036282
4.300172247785266,-0.2917696543845363,2.3360704294840895
1.7346549765683816,3.703694884205839,3.0721740694590336
4.833200469200783,1.9112247762258656,3.845942535050244
0.9605941388509929,3.472959870194445,0.4489322131946507
3.1327285546284367,4.169337463416931,1.466545101164941
3.678785278007952,1.3616240701404143,0.8274852616100806
0.3067852755026168,4.02269907590328,5.5137593902200885
4.286890880866153,3.874003355549686,2.9269390682545042
2.2787596255614684,-0.28826263698702626,4.721486560145491
4.75962732068822,3.01302726422648,4.466902415055644
4.393301365130174,3.942650023989625,1.2030356611499455
4.710914345256815,4.022264731987696,3.649715206263785
0.5054986978462721,1.508931362738072,0.8421437236871765
4.0905698683491005,0.29310255760331594,1.5882172502134189
4.245506414638907,0.02475045420710198,4.590093314407897
4.71003072340873,4.115493887153922,1.9432453626421695
3.0725087273086475,1.001137531271183,4.55048619481734
1.5269263455332802,3.8349066986391254,1.4606518583699635
0.36835152648699077,0.3037120849706685,5.282563743175039
4.979023965688634,1.5181659286540645,4.2849692616816535
3.472209941298468,3.840507187766258,4.831815001215236
1.3675619027380497,4.220729618475115,5.469508511295161
4.553810939289022,1.1165942181025983,3.488711747634685
3.4181498112518067,3.682836971968129,1.6196355258533326
1.3321849917796087,-0.6564881675652259,2.9249888916805915
4.611614780020707,2.172595247886822,0.15465150433356692
1.2838803039788798,-0.16955088182842282,2.798631163260234
1.2597856289765748,4.774744042399058,2.520884155943646
-0.3365141726093358,3.1902221419382606,0.3020618220308265
3.3549945107664665,1.1269748392308339,0.6063543828795918
0.09400867322600948,4.7683273069669285,4.0331402754864065
-0.23230264348682234,-0.3988416558150303,0.3448249784579152
4.825953637898649,0.8513991057372208,2.454540352902938
-0.14703040232015407,4.954586302886054,1.9517942557403585
3.679157219282015,-0.4692101418211554,0.061365914597781644
0.7576327062565302,2.1655803931933617,0.4674034872149282
4.2367817684318,0.3370078396549272,5.196416080275842
-0.4332064285376556,3.1728262318478,4.633412885024254
0.5678208810583272,1.8238585862321663,1.6792029653101275
4.863298990756775,4.117620865176419,4.498835750548205
2.664647611585293,3.2967185479799888,0.8775845443919482
0.2244551520194199,3.5677070271958824,4.581925033459804
-0.4740435356199759,0.888291720669558,0.7687722911564969
1.7496771793233887,-0.06210466034452966,3.7244895916201957
2.4304186804617,-0.7753424006762748,6.268737024509076
3.2443885180350596,0.46087360461370297,5.908051963009764
0.3468632599238871,2.6857324466779344,0.5086724010120476
1.2509949224387156,0.21089394983092746,3.7324649956104787
-0.2085785316438425,-0.7680236065548651,2.9914067071278514
4.980771259850285,2.3802463043849373,0.3231745467539848
1.8311767125353473,3.6830498697490466,4.425846761202647
3.2316681107972838,0.13487981223621892,3.1774957525376535
1.0689476772777198,4.538815593826303,3.9354238805843673
0.28219832344533646,1.050380811671292,0.8537862948884187
0.5644400473699127,2.182176980383992,1.2132142126060945
-0.4164531112669444,2.7978953447306947,4.481368172957549
3.2855323062234225,2.2904763233848695,5.821112551019663
4.943292479159675,2.4953873805610547,2.236721591709098
0.003805154034095981,-0.3792462859443251,6.182380603824655
0.40881994760809337,2.0016877092305783,1.376371424509073
3.9093325423455516,3.4990231025859595,1.181417628436306
3.0001392978065593,-0.1511774214750159,4.576784409227343
4.71289896161154,4.5723623963653885,1.6172389651120886
1.5059163604928445,-0.6193316749256124,5.996076267607145
1.854342995010783,3.6799518443793655,0.2963826911348345
3.9241405624452934,0.7618683827487813,3.5690271537976037
0.5313397317972752,4.09722670268847,5.0417038489782255
1.5889048781893869,3.925402794491749,4.656717702064693
3.1266892060428937,2.6421474353572534,6.030169166269204
4.523612759495745,1.2873288252203903,1.4376383150788399
3.9705628893873897,3.7376255211242055,3.8713397064516704
-0.032705612699041486,-0.09588480912873276,0.8179423649443881
4.252437219643822,1.3998556684965653,0.9143269730308681
3.852291161385356,1.5276369701694774,4.650153834569881
2.0890390210874923,-0.045882259826522276,4.369502301703869
-0.19495719426352925,-0.13967311469262977,4.869582569760575
1.261550579303823,-0.11033296680780835,5.485414487762267
4.521964888499812,4.793110065124862,1.1737075955083471
2.792510584341762,-0.5874589749342702,4.493453992738006
0.040000406970071456,-0.2567234622446437,5.0982031466292295
2.532924984315998,4.800688791824022,1.5269833662117522
2.901371258972356,4.701960235253278,3.0743430760386894
3.9618124643270685,1.012456826001821,2.0096402592493297
2.6987216927544204,-0.383263610814645,0.6176198116992927
0.60739088048376,2.6519615570828963,5.405400375237195
4.834606411536349,1.6285833052465546,4.726166716144083
1.129456890709237,4.712342200908784,0.06789954282870347
3.489501633096267,-0.22998776644989127,2.5169829541817124
3.282489957654968,3.6693008517466676,5.13911398451535
4.578022115374902,-0.8509931216264197,6.02292385733941
3.7076476343813294,0.24591769425290622,1.5403273833607138
1.63237728438212,0.8031717826168012,5.981318057136605
2.07145476096346,0.6072723547648937,0.14599070279945578
-0.22758091901286115,-0.9905222883796536,0.08398209145962625
-0.4192031707910306,3.1561247396603465,2.1399894740046963
0.028201648264447376,2.4324339501436834,2.3452663102748925
2.532331493579576,3.4065851530433706,0.2761545347530771
4.963432093663818,-0.8364874302912495,2.1640902589625775
4.068655345855307,2.9864222101753275,5.826733180838836
4.813618402313276,3.1993315445904518,3.2126041851711347
4.617098865785341,4.514309156757176,2.138589769272411
4.425904683933198,-0.7502111162856149,4.8025033792669305
3.9732020634101213,2.735270899723178,4.557858541175984
2.880549292701593,4.688831234069173,4.773902034259106
3.312010550783624,2.7311464376963617,3.7994010740644066
4.702735866994081,0.40776042941557633,0.18813064120412593
-0.026906230453313862,3.4749017199991474,0.471894649028449
2.425797512465709,4.247731993716827,5.380198394549115
3.850428167759084,2.096719348088218,5.44271461963398
0.12216026158322002,2.7100388322996043,2.5313459552057074
-0.07114385448457228,4.79834932541498,5.747871711308966
4.169854317663861,2.9250038050318556,4.045741769006349
-0.008804398960773563,1.7589406973162092,4.840738342099214
0.3460047064376408,-0.372140922528964,2.877743849881293
2.3421564648203406,3.559889352626244,2.4140809461787445
2.6098112307315775,4.438365351390515,2.4621083774216506
3.8225405904498047,1.4551232735702415,2.0431247076363874
3.4864073596164,0.9418413694847192,1.7746846225983965
-0.09040643252812386,-0.24864543869015532,6.024032662168116
3.28223570510844,4.857456555989926,1.3044521723061917
4.940910575675748,2.578228051629494,2.586441808744371
3.8878413094683992,1.660523509463053,2.9716524701009415
4.448638913910969,-0.9798090769360577,2.881314925918425
2.370233556541247,0.7914400791964649,1.122594134340267
-0.19962278187809074,0.2988077312499411,2.287254379080663
3.9009217224723987,1.048091491198265,2.8506874464415284
2.762253648526058,3.757044171710616,2.349505706205281
3.3377051351792453,2.5802127199721383,0.5987350860931734
4.9866742673288185,0.8849579367935063,0.45381254058161735
3.992648943249601,4.019211715642988,5.392128762128335
0.7387874770543443,2.306934946826133,1.2490368382993784
-0.01513171796936108,2.942605505473815,2.196291772989378
3.2212530412311744,3.952613264227316,6.0943332407835324
-0.28373361604790254,2.0960012763153113,2.5524329638858037
3.9040892878295814,1.435545930588642,1.9132011241846214
2.7942444763458636,1.0312884086189795,1.3426273026710231
4.067481137763883,3.028753137564145,3.1052290294530542
1.378312304261637,4.486171883661578,4.014372886908825
1.2810570002793078,4.7733160262914645,3.6135196553351343
0.1488367549057832,0.7812681183240144,2.877080403111277
0.36368670823430926,2.6199189103360485,0.5618714577268342
1.101134249612369,0.27573196197519856,3.2611650157340226
1.2983376055448612,4.334082759669249,1.3067366741803632
1.7779005572502098,4.622761941544621,4.59765459009899
4.686380083154089,4.033152800091794,5.778982935782594
4.538885234191596,-0.5209185972605217,5.486338582563179
0.007396968975265983,3.088491986958134,0.5045954646826843
0.4500177231884821,3.576105284439717,2.2475895683697615
2.523914674738086,4.419542603981353,1.5885995092137184
1.0386561404032588,4.096117767397713,0.17936921098485262
4.986821725207451,-0.06782928489832774,6.275335958531243
4.773442144390119,4.013122457255545,1.5071562691548976
-0.0233494928324835,0.3952627599561742,0.821401267275188
3.140412134184028,2.920471644377912,4.101681071182461
4.746621615373775,-0.6544091118034392,1.123497889850592
0.5793922576942188,0.7292437640716327,1.4726491954696515
1.9860821425354542,3.8790269244203586,0.44463846506154514
0.4407638106538452,-0.8806034254140689,3.8554589484658357
3.7361688100199384,-0.14312260690619016,4.424414914379621
4.2389252206524,3.672480909742095,4.211513429620578
4.249820203619446,-0.3150636287941271,1.8025660197581042
2.260382816876535,-0.06012343477562965,4.027364210096134
1.0674975319734195,3.7042322515924937,5.623515721157094
1.5899210686760865,0.3089615740495768,1.5660632414646634
3.229595261536641,-0.517688823323255,1.3713550489822877
2.265458301688602,4.248837789401603,5.139258199625877
4.180103798625993,0.8441868079930719,2.077388614708448
4.555168719944783,3.638545457400692,5.697831829429795
4.260397210537332,3.952854728559836,4.9465360034266075
0.7543407864315665,-0.20134786408931804,0.7339166442323202
0.8140605108532373,0.8135396724096209,0.2563372452975693
2.6717355621925134,3.844230318554123,4.99108584291505
3.5372031113105935,2.8790337441929963,2.8258147110827774
1.005735937897293,0.22479689880056242,0.4914117748108402
4.58151981913793,4.285901016560523,5.542843736478121
3.987432975609754,2.4533189387738528,0.12631041923131625
0.18415189654731523,-0.09119209936994466,4.480335192988449
4.9786171441865115,-0.4082521857896848,3.29007265476891
4.663959140243032,1.631475945595657,3.21554774659062
4.353191364041331,0.6104500444067877,5.252738755186772
2.1979366917480188,4.435218682566861,4.141919075511212
4.364350344952541,3.9880002595279898,3.9022771151474
1.9608894244462673,4.841014673545776,5.451178583832292
0.28616629006243743,0.44741415282142527,5.774741597762045
4.255556927750362,1.2931631790172888,3.9923446249842427
2.6987391184270155,3.3279490201011495,5.703130712237823
0.5766983801824037,1.1027429539727525,3.023839142168554
0.8951925192025918,2.605920488207859,0.6287812055492521
2.7689311297540526,4.501778466814734,0.10610342686760256
1.1269963088508148,4.500503744112855,0.23234633193723125
0.47844059221247526,0.5717062144306235,6.035253204720523
1.1545504295972275,-0.5862168296236276,0.8828748828260182
-0.009367466143021363,3.1140823462752403,0.33236393732811914
3.170146927159566,3.2277713780220516,6.102379858825078
3.4370041188487996,0.1775296886091413,2.5434334941890544
3.9624064349322152,1.7094562288226296,6.00548937363957
4.521917789395473,2.855086352993606,3.9389016220316777
4.509245878746664,4.29844155407078,1.8855684214470418
3.1546592238783244,4.279330077099263,3.1088967578519298
1.9522476216161668,-0.32490324108193924,2.319165451895414
-0.1890563669871479,3.405245850345775,5.942263942967879
4.885144346696391,2.0683291419395893,2.4428848817090536
3.924557324918977,3.369399014446439,3.461140276081342
0.8692421314270715,-0.37507637944005023,0.33942800168151455
3.899896793122905,0.4500400462186427,0.05653430385863388
-0.1826564861174771,0.9166377195241922,2.998289624444705
4.922127908775273,0.762187333856982,1.6645370709084044
0.17640643835442749,2.9802106342672943,2.431178917593531
0.06781344890575447,2.6763002102374918,2.360511585495753
4.102678501745992,1.6695606014988007,4.464881519394324
-0.11916888029105377,0.28884797950482977,0.9846001914488455
1.2633738165257233,4.731838218736601,6.034769395349358
0.7128900657537514,1.1611898981070636,0.4570874245360187
0.8435173849318554,4.140804956835259,1.4580872110296006
1.5395587175259426,-0.07192006767214432,0.8863783820864815
2.38861243957584,0.35711765311760413,2.770399972284496
4.908649302104095,3.6602076819298226,0.6159830995629155
4.437694369235584,3.1488654319824754,0.829231504265983
1.7160476448786497,-0.8939310713264454,2.4765118920123013
2.999574648510299,4.862529141760654,0.029818799920087243
3.689814955322606,2.3593798908283077,5.657101033521145
0.0889189811547666,4.6617815296369995,0.7748246947849462
2.909905924758268,4.411821510065819,1.9017282427543052
3.5008893011224336,3.4812145305195363,5.714008291927165
3.303843413570582,3.6364181222848346,2.4947016818337264
-0.32739371721049576,3.7638729582972044,2.886083105327395
4.700855383768402,-0.07254465764467044,4.8924068117553725
-0.49471147181278063,0.9752021415290617,3.2521140577062044
0.0262724302090801,3.4312310192373507,1.5944981048279352
0.7013805497704779,2.6172036372438514,4.691677539416837
3.1033075385172317,-0.8635267973377445,1.0193366288192844
2.260683775180013,4.813542276043032,5.440140845341053
-0.39550254889562225,4.999501733285577,2.3197552565108706
1.2013738951695592,-0.2593468144171225,2.832108274514782
0.59167845831677,1.7612491758568356,4.63021487866123
3.28980230008306,-0.18176376439860742,1.335118194552106
4.269091781318324,1.4836871892093266,4.899424211889746
4.138023029558892,3.32519095683456,1.1281913391823337
0.2978605498433442,-0.005679979264391566,2.088050592280114
1.351468204882126,4.54918611321365,2.358113166241414
0.21267981002385916,-0.22054611542899005,0.33664532275863046
4.209712165777878,3.5485617530614153,2.2450564445466146
4.383424019961759,4.0723679995261985,0.6847102367082969
3.708607964326008,2.0259713356726388,0.034070082827168
3.2531641105685574,3.946367013321181,2.9950982039482588
2.3972055652160744,4.379843095863764,5.627968394159725
4.496946950700354,0.9993123679385183,3.142578661483072
-0.0009410024593085042,3.2014092212108807,5.132157867482367
4.133944307670576,2.494815497648899,2.5270231368673115
1.786750009003387,0.4519291991210217,3.4000741829822245
3.0018715894770134,0.17813164422252914,0.6870834870801448
3.2487157533651603,4.7835774839293155,3.750452827055575
1.8137258094112148,-0.5834534567315885,0.30068209002395224
0.31868685745900005,1.5311511880170805,4.861986029829695
3.2720705336012417,3.8046748432112434,4.49376604074692
2.286182761707575,3.9991100329156293,4.482085246959036
4.252474772271161,4.366028929132,0.016561748004555402
4.447267142732475,2.163458986465135,2.548007900338555
0.6790515077563923,0.7926660771371716,1.8664921819587779
2.0729943226785874,4.480858104594028,5.254867754597857
0.477469778288947,2.2261699576169005,4.6614516160454995
2.676685458103396,0.7336967999638762,1.5614730039427174
3.346967473805765,-0.32949526247708727,4.075483953135403
4.510725972789181,1.3143438179722793,1.2139476229057615
1.9845624905897767,0.03361642812609622,1.657516303191513
4.7859596908305715,2.063720845130787,1.0396192448263641
0.8519933922844949,1.2176636384490407,0.18862619929670182
4.177590569057161,0.9149123249222038,4.190974416718137
2.887227707526571,-0.8430069058225478,4.0180847624322125
1.4444847791140796,0.23679363377114426,3.462779729095394
0.02405412294539977,0.6338965254778386,4.264437984881617
4.364763828690863,3.3705738983287077,3.0774639754997413
2.339739277886613,4.665075246627278,5.189268115528966
0.7072661140062408,2.1147043067183624,5.1713315615962445
4.915454617912486,0.9902642606351337,1.7479572074829162
3.337481774088562,-0.9763607796724216,0.5265164272318344
4.421502892525989,3.0080164589107783,3.672027347568795
-0.47934345602586814,1.9139734795740702,0.22247931793422296
-0.27345378868244025,-0.6822194081998996,1.8495572741999136
1.1644107437614564,4.942639123706622,5.135969637694363
3.9854580544114206,-0.22685672430324977,0.24006549091639667
2.788990487033094,0.010799655377481399,1.0102989917513994
3.94492258541071,-0.879210243754827,3.1731801973446303
2.565441389184368,0.38508187859265,4.928788201506878
-0.1617467242177167,0.9708708305959106,3.499609274262448
1.507018240904884,-0.47105226789718335,4.161534602509004
1.1577764966063422,0.6951413878184209,2.677824305337286
2.593125135374843,-0.8965708757884043,3.427170992423771
3.3758867133860146,-0.260124451144514,2.626893363456909
1.326663079914682,4.335009370263264,5.46295020074663
3.93897059470513,0.8426110907925299,1.9474553734924367
2.6539582516847338,4.664575535651416,0.7084210373472003
2.203037300514076,3.9520125722702026,4.093789110057533
0.526028045402553,3.6968777516754265,4.372292681108574
4.729705611333094,3.4692888246004205,0.4353855032099086
0.27404472957594805,4.303553549727154,4.584772067761689
1.293231809577351,-0.980748889541875,5.370596069232207
3.051256800823947,1.310656586243279,0.6468796138712778
3.5173827746983415,4.1172202091333805,3.0534452096919162
0.18715102078248014,4.915962124374404,0.8274109416092783
4.558235527159811,3.683492346307416,1.7980160574232888
4.826886072643221,1.7030339113691486,2.6202408587330446
4.177694613687431,0.3453017573116566,6.280213328278371
2.9936075423662656,0.3349778039975928,3.097713441816268
2.494953920630242,-0.8566473437407756,0.4627451127637377
4.76247003669594,2.039136250559759,4.615055359712205
3.344026489322328,-0.2237354385191035,3.463722346986483
4.381283576239236,3.574026087371693,0.4744793381724533
3.352063002658675,4.443219090842335,5.035086146454153
-0.4170923729320858,4.960422237090913,3.0555591779124813
0.8115316348010808,2.883074470856072,2.330027986165208
2.9505382797581805,-0.15491430923791905,3.38443368474566
4.1138540685901415,3.610614099868897,2.353763298581767
3.4656556673322627,3.8838084880517876,5.140767739336215
2.679671630638998,0.7175966526422823,3.3810967579488116
0.13682165300269755,0.9765943735710487,4.492188222568339
2.573908710118232,3.3149127556708304,4.1135491615490745
1.3930033623033349,3.5725239173997902,6.19553464586834
2.5401295187992075,0.10834432900474011,0.20171623964555038
2.4151418220773286,-0.35695778095023134,0.9399990750387541
3.8222896922293295,3.14821584567021,3.9653408196164204
4.23149228537194,0.7699012579777229,0.6027913044606672
