x,y,theta,v,omega
0.0,0.0,0.0,0.111519,0.20089
0.082465,0.005858,0.137346,0.128809,0.188523
0.192112,0.029543,0.280718,0.155503,0.166015
0.207017,0.033974,0.29732,0.158815,0.162825
0.31744,0.074694,0.404356,0.179984,0.139409
0.435539,0.131973,0.494697,0.196849,0.115219
0.470151,0.15116,0.517395,0.200873,0.108307
0.557645,0.204037,0.568111,0.209506,0.091167
0.663545,0.275568,0.617742,0.217451,0.070981
0.787277,0.367797,0.660498,0.224086,0.047974
0.822602,0.395509,0.669768,0.22568,0.041472
0.911047,0.466912,0.687255,0.230155,0.025208
0.964559,0.511147,0.693834,0.234465,0.015347
1.01905,0.556661,0.697441,0.242067,0.005345
1.115409,0.637455,0.696745,0.271394,-0.011457
1.136233,0.654859,0.6956,0.281472,-0.014737
1.25572,0.753631,0.685181,0.36485,-0.028972
1.380843,0.85457,0.672581,0.465154,-0.033889
1.417277,0.883488,0.669193,0.486445,-0.033559
1.494851,0.944422,0.662587,0.5,-0.030738
1.573876,1.0057,0.656678,0.5,-0.025399
1.613516,1.036174,0.654139,0.5,-0.02195
1.693001,1.096855,0.650142,0.5,-0.01356
1.732821,1.127093,0.648786,0.5,-0.008514
1.852415,1.217632,0.648039,0.5,0.011374
1.971783,1.308468,0.654173,0.5,0.041051
2.011398,1.338975,0.658278,0.5,0.053388
2.090153,1.400598,0.670295,0.5,0.080925
2.600094,1.87876,0.83606,0.5,0.066737
2.66666,1.953385,0.848113,0.5,0.042095
2.699651,1.990956,0.852323,0.5,0.031834
2.765251,2.066431,0.857814,0.5,0.015824
2.797925,2.104278,0.859397,0.5,0.009979
2.863148,2.180081,0.860937,0.5,0.001994
2.92831,2.255935,0.86109,0.5,-0.002121
2.960895,2.293859,0.860878,0.5,-0.003137
3.026096,2.369679,0.860198,0.5,-0.003817
3.058718,2.407571,0.859816,0.5,-0.003728
3.156666,2.521177,0.858777,0.5,-0.002858
3.254716,2.634694,0.857994,0.5,-0.002304
3.287418,2.672517,0.857764,0.5,-0.002339
3.352849,2.748139,0.85728,0.5,-0.002781
3.38558,2.785938,0.857002,0.5,-0.003163
3.483844,2.89927,0.855914,0.5,-0.004543
3.516629,2.937021,0.85546,0.5,-0.004873
3.582253,3.012476,0.854473,0.5,-0.00476
3.615092,3.050179,0.853997,0.5,-0.004044
3.680818,3.125546,0.853326,0.5,-0.000433
3.746563,3.200896,0.85357,0.5,0.007476
3.779413,3.23859,0.854318,0.5,0.013611
3.877614,3.351976,0.860963,0.5,0.043285
3.974489,3.466496,0.878408,0.5,0.092138
4.068437,3.583421,0.912255,0.5,0.156531
4.098724,3.623203,0.927908,0.5,0.179389
4.15718,3.704331,0.966042,0.5,0.223797
0.035256,0.033608,0.623006,0.135995,0.282765
0.08241,0.071817,0.732829,0.177234,0.259836
0.122529,0.110884,0.808812,0.204991,0.239655
0.165036,0.158763,0.878527,0.229704,0.217439
0.19405,0.195344,0.921237,0.244429,0.201733
0.252318,0.278707,0.997039,0.269671,0.168753
0.309488,0.373836,1.059419,0.289473,0.134402
0.323484,0.399174,1.072859,0.293611,0.125681
0.378097,0.505586,1.117865,0.307097,0.090483
0.430629,0.618247,1.148741,0.316012,0.054993
0.443494,0.64711,1.15424,0.317585,0.046091
0.494282,0.764321,1.167324,0.321589,0.01037
0.544824,0.88288,1.16609,0.32284,-0.025547
0.557573,0.91254,1.163536,0.322956,-0.034547
0.596497,1.001319,1.150474,0.323732,-0.06148
0.651217,1.119322,1.120579,0.329454,-0.0964
0.665696,1.148915,1.110939,0.332669,-0.104667
0.712107,1.238868,1.077203,0.349774,-0.127026
0.765055,1.332776,1.037323,0.382674,-0.142738
0.784749,1.365586,1.023049,0.397864,-0.145604
0.852038,1.470545,0.979162,0.453609,-0.143827
0.904806,1.546684,0.950869,0.489344,-0.132146
0.933498,1.586324,0.937655,0.5,-0.123128
1.024356,1.705666,0.903997,0.5,-0.089344
1.118594,1.822363,0.880303,0.5,-0.061949
1.150559,1.860811,0.874108,0.5,-0.057548
1.215165,1.937139,0.862716,0.5,-0.058769
1.280659,2.012706,0.850345,0.5,-0.074966
1.313785,2.050158,0.842849,0.5,-0.08875
1.38101,2.124188,0.823372,0.5,-0.126291
1.415228,2.160645,0.810742,0.5,-0.148836
2.008754,2.613261,0.50057,0.5,-0.100445
2.052739,2.637037,0.490526,0.5,-0.079551
2.096936,2.660416,0.482571,0.5,-0.061059
2.23035,2.728975,0.468777,0.5,-0.020829
2.27498,2.751519,0.466694,0.5,-0.012154
2.319646,2.773988,0.465478,0.5,-0.005486
2.453716,2.841257,0.465165,0.5,0.005172
2.543066,2.886163,0.46633,0.5,0.007026
2.58772,2.90866,0.467032,0.5,0.007015
2.676979,2.953745,0.468393,0.5,0.005881
2.766183,2.998941,0.469479,0.5,0.003939
2.810769,3.021571,0.469873,0.5,0.002826
2.944491,3.08953,0.47037,0.5,-0.000715
2.989061,3.11219,0.470299,0.5,-0.001912
3.033635,3.134843,0.470107,0.5,-0.003094
3.167401,3.202715,0.468844,0.5,-0.006247
3.212013,3.225294,0.468219,0.5,-0.006983
3.301282,3.270361,0.46678,0.5,-0.00739
3.390616,3.315297,0.465365,0.5,-0.00531
3.480003,3.36013,0.464553,0.5,0.001022
3.524703,3.382534,0.464655,0.5,0.006475
3.65869,3.449969,0.46904,0.5,0.035709
3.70325,3.47265,0.472611,0.5,0.050727
3.747711,3.495523,0.477684,0.5,0.068761
3.88007,3.56609,0.504964,0.5,0.141244
3.923657,3.590587,0.519088,0.5,0.170859
4.009579,3.641737,0.556415,0.5,0.235133
4.093175,3.696596,0.606747,0.5,0.300737
-0.049687,-0.004506,0.199907,-0.051883,0.335323
0.041089,0.073782,0.805763,0.190066,0.272811
0.248014,0.392327,1.123188,0.310235,0.133925
0.299947,0.507857,1.170496,0.326134,0.092013
0.349395,0.63035,1.200938,0.3359,0.049502
0.397234,0.756747,1.214318,0.340047,0.006633
0.481191,0.979022,1.196293,0.336589,-0.069062
0.532151,1.102933,1.162173,0.332675,-0.112219
0.587971,1.223714,1.110993,0.33506,-0.153406
0.652425,1.343863,1.044159,0.356318,-0.187525
0.732615,1.470093,0.965959,0.411362,-0.203293
0.809392,1.574114,0.905506,0.471166,-0.192643
0.902725,1.68634,0.850711,0.5,-0.157686
1.109403,1.9037,0.779348,0.5,-0.071574
1.145097,1.938714,0.77219,0.5,-0.06357
1.253508,2.042378,0.754289,0.5,-0.058372
1.400988,2.17746,0.726869,0.5,-0.094707
0.053778,0.156741,1.005048,0.260576,0.248794
0.121599,0.279353,1.118501,0.307286,0.192822
0.172946,0.395791,1.188457,0.334573,0.144537
0.254092,0.625671,1.263375,0.36193,0.056449
0.296928,0.764961,1.278279,0.366746,0.00519
0.328678,0.870275,1.275972,0.365612,-0.033485
0.372156,1.008982,1.254816,0.358551,-0.085268
0.406734,1.109998,1.225349,0.350256,-0.124107
0.457053,1.238827,1.168006,0.339016,-0.175081
0.514419,1.360723,1.090689,0.336647,-0.222331
0.564586,1.449473,1.020925,0.350528,-0.251057
0.64778,1.57048,0.916847,0.404693,-0.268811
0.672827,1.602266,0.889966,0.424924,-0.267381
0.761301,1.702864,0.811434,0.487508,-0.243719
0.795291,1.737809,0.787063,0.499999,-0.229018
0.83099,1.772816,0.764161,0.5,-0.211449
0.867452,1.807029,0.743016,0.5,-0.19186
0.904595,1.840499,0.72383,0.5,-0.171223
1.019325,1.937107,0.678607,0.5,-0.112023
1.17745,2.05955,0.642677,0.5,-0.061684
1.338919,2.177558,0.62031,0.5,-0.054863
-0.10106,0.010257,0.803653,0.153944,0.358036
-0.079337,0.034503,0.874486,0.188883,0.341832
0.061489,0.28551,1.190871,0.336213,0.212451
0.139175,0.525217,1.309541,0.385666,0.110915
0.167628,0.638635,1.338318,0.396743,0.065816
0.220012,0.873268,1.355042,0.40191,-0.025423
0.246327,0.990488,1.342831,0.396402,-0.071286
0.274357,1.105084,1.316855,0.385931,-0.117181
0.305163,1.215245,1.27712,0.37132,-0.162921
0.316201,1.250698,1.260828,0.3658,-0.178069
0.351991,1.35261,1.202901,0.348755,-0.222847
0.406971,1.477546,1.105156,0.331799,-0.278924
0.438354,1.535845,1.048097,0.330816,-0.303589
0.473264,1.592353,0.98629,0.338864,-0.32409
0.559346,1.705125,0.852657,0.39344,-0.342924
0.614642,1.764143,0.784294,0.439593,-0.33488
0.680707,1.825765,0.718298,0.48569,-0.311115
0.837593,1.947317,0.606007,0.5,-0.221416
0.920985,2.002494,0.564363,0.5,-0.168976
1.006333,2.054597,0.533063,0.5,-0.120737
1.049548,2.079745,0.520989,0.5,-0.099517
1.224653,2.176366,0.491565,0.5,-0.038254
1.445878,2.292806,0.48016,0.5,-0.007848
2.557703,2.864061,0.471521,0.5,-0.000616
4.098585,3.689969,0.658242,0.5,0.339043
0.053933,0.402479,1.347497,0.402186,0.20486
0.111321,0.785131,1.471057,0.453268,0.051699
0.119937,0.875557,1.479669,0.456172,0.017137
0.13224,1.011891,1.479616,0.455109,-0.034843
0.140865,1.102324,1.470911,0.450842,-0.069582
0.15583,1.23571,1.444817,0.439204,-0.121803
0.174706,1.364452,1.403049,0.421614,-0.174052
0.198801,1.486398,1.345626,0.39908,-0.225999
0.22895,1.59966,1.272701,0.373994,-0.276894
0.26561,1.703108,1.184719,0.351125,-0.325193
0.30938,1.797113,1.082718,0.33864,-0.367898
0.325806,1.826724,1.045929,0.33873,-0.380033
0.404441,1.940798,0.888298,0.372555,-0.410048
0.428525,1.969219,0.847293,0.390809,-0.41087
0.484159,2.027161,0.765399,0.437164,-0.401183
0.516282,2.056808,0.72528,0.462318,-0.389811
0.551467,2.086794,0.686299,0.484936,-0.373735
0.671252,2.174438,0.580797,0.5,-0.300418
0.800009,2.251309,0.499683,0.5,-0.209717
0.888729,2.297434,0.46067,0.5,-0.152809
0.933685,2.319319,0.445389,0.5,-0.127372
1.024444,2.361298,0.422212,0.5,-0.08401
1.115985,2.401548,0.407186,0.5,-0.051037
1.161947,2.421232,0.402083,0.5,-0.038228
1.25411,2.460038,0.395497,0.5,-0.019027
1.392664,2.517508,0.39169,0.5,-0.002824
1.531314,2.574744,0.39164,0.5,0.003553
1.623728,2.61295,0.392431,0.5,0.004732
1.669923,2.632082,0.392904,0.5,0.004794
1.762285,2.670413,0.393847,0.5,0.004323
1.854612,2.708827,0.394672,0.5,0.003474
1.993053,2.766569,0.395576,0.5,0.002135
2.085322,2.805122,0.395964,0.5,0.001392
2.26983,2.882303,0.396347,0.5,0.000327
2.315953,2.901607,0.396379,0.5,0.000116
2.546573,2.998119,0.396225,0.5,-0.001025
2.5927,3.017414,0.396122,0.5,-0.001326
2.823383,3.113773,0.395087,0.5,-0.003325
3.100406,3.228916,0.392599,0.5,-0.00423
3.377658,3.343508,0.392485,0.5,0.011536
0.058091,0.535937,1.478836,0.466853,0.200084
0.064894,0.629819,1.516999,0.481009,0.162975
0.069385,0.775571,1.56032,0.494261,0.107292
0.069638,0.824996,1.571049,0.496739,0.088776
0.069404,0.874669,1.579927,0.49839,0.070288
0.066688,1.024396,1.595477,0.499913,0.014946
0.064117,1.124344,1.596622,0.499872,-0.021951
0.061802,1.22427,1.590383,0.499049,-0.058972
0.060427,1.373553,1.567107,0.493303,-0.114953
0.061964,1.471841,1.542235,0.485206,-0.15266
0.066233,1.568239,1.509806,0.47339,-0.190669
0.073783,1.66188,1.469763,0.458022,-0.22889
0.078924,1.707392,1.446874,0.449147,-0.248025
0.100222,1.837448,1.366742,0.418988,-0.30507
0.130608,1.956054,1.269637,0.387196,-0.36024
0.17009,2.062224,1.156374,0.361426,-0.410629
0.201659,2.126635,1.072756,0.353244,-0.439133
0.238116,2.187144,0.983738,0.357149,-0.460922
0.332085,2.302821,0.796151,0.414039,-0.470828
0.361731,2.331718,0.749068,0.437627,-0.463331
0.430399,2.389841,0.657646,0.48484,-0.433259
0.4694,2.418636,0.61432,0.499998,-0.410503
0.553354,2.472918,0.534948,0.499999,-0.352441
0.641071,2.520897,0.467763,0.499999,-0.285332
0.686015,2.542802,0.43923,0.499999,-0.251312
0.823899,2.601792,0.373577,0.499999,-0.157847
0.91754,2.636874,0.344659,0.5,-0.107596
1.059432,2.685509,0.318376,0.5,-0.05307
1.15456,2.716338,0.309063,0.5,-0.029291
1.29762,2.761435,0.302727,0.5,-0.008066
1.393094,2.79118,0.301532,0.5,-0.000783
1.536324,2.835735,0.30189,0.5,0.003876
1.631789,2.865506,0.302716,0.5,0.004556
1.679512,2.880423,0.303172,0.5,0.004494
1.727229,2.895361,0.303621,0.5,0.004267
1.87034,2.940295,0.304794,0.5,0.003106
1.965722,2.970333,0.305372,0.5,0.002249
2.013407,2.985371,0.305597,0.5,0.001846
2.108768,3.015474,0.305929,0.5,0.001117
2.204122,3.045602,0.306119,0.5,0.000482
2.347146,3.090813,0.306176,0.5,-0.000389
2.394821,3.105882,0.306137,0.5,-0.000684
2.442497,3.12095,0.306069,0.5,-0.000992
2.585533,3.166121,0.305671,0.5,-0.002034
2.680904,3.196194,0.305226,0.5,-0.002812
2.776291,3.226217,0.304625,0.5,-0.003558
2.823991,3.241206,0.304269,0.5,-0.003861
2.91941,3.271128,0.303476,0.5,-0.004122
3.158054,3.345619,0.30192,0.5,0.000703
3.539456,3.466153,0.317306,0.5,0.062552
0.08468,0.706783,1.591088,0.499984,0.193907
0.083181,0.756759,1.610479,0.499975,0.174622
0.073545,0.906425,1.657183,0.499964,0.118298
0.020045,1.353164,1.699041,0.499968,-0.042106
0.007718,1.452394,1.688837,0.499967,-0.077916
-0.007977,1.601556,1.659985,0.499962,-0.133181
-0.015508,1.70126,1.631452,0.499964,-0.171435
-0.020501,1.851144,1.574104,0.499334,-0.231287
-0.020089,1.901074,1.550975,0.497652,-0.251891
-0.018476,1.950812,1.525786,0.494565,-0.272786
-0.011321,2.048987,1.469114,0.483719,-0.315264
0.010045,2.190006,1.368098,0.457165,-0.379568
0.031604,2.277743,1.29007,0.435621,-0.421452
0.07469,2.397677,1.157678,0.40601,-0.479039
0.152472,2.536396,0.956819,0.395772,-0.533003
0.201866,2.599042,0.849571,0.413346,-0.542025
0.260797,2.659107,0.741365,0.447158,-0.532925
0.331438,2.71715,0.636053,0.486751,-0.501566
0.413608,2.771713,0.538187,0.5,-0.447381
0.457098,2.796373,0.493449,0.499999,-0.413591
0.546989,2.840129,0.414385,0.499999,-0.339095
0.639786,2.877347,0.350381,0.499999,-0.263647
0.686969,2.893889,0.324016,0.499999,-0.22802
0.782434,2.923634,0.281746,0.499999,-0.164063
0.927406,2.962105,0.24052,0.499999,-0.09023
1.024726,2.985094,0.224337,0.499999,-0.055728
1.171206,3.017396,0.211388,0.499999,-0.022366
1.269023,3.038176,0.207636,0.499999,-0.009478
1.415834,3.068941,0.205996,0.499999,0.000568
1.513717,3.089405,0.206276,0.499999,0.003315
1.61159,3.10992,0.207002,0.499999,0.00424
1.758368,3.140843,0.208267,0.499999,0.003856
1.856199,3.161556,0.209003,0.499999,0.003104
2.002921,3.192742,0.209807,0.499999,0.001839
2.100725,3.213586,0.210134,0.499999,0.001041
2.149624,3.224018,0.210238,0.499999,0.000664
2.198523,3.234454,0.210305,0.499999,0.000298
2.345217,3.26577,0.210287,0.499999,-0.000772
2.443016,3.286636,0.210097,0.499999,-0.001497
2.589726,3.317881,0.209536,0.499999,-0.002604
2.687544,3.338656,0.208981,0.499999,-0.003248
2.834296,3.369701,0.207948,0.499999,-0.003579
2.932149,3.390312,0.207256,0.499999,-0.002805
3.030014,3.410864,0.206786,0.499999,-0.000498
3.274654,3.46235,0.209386,0.499999,0.018847
3.421268,3.49404,0.217499,0.499999,0.047138
3.760775,3.578801,0.287741,0.499999,0.195986
4.085475,3.707737,0.496003,0.499999,0.436271
-0.021682,0.027756,0.829799,0.239,0.630924
0.125735,1.016385,1.729896,0.499986,0.136127
0.108593,1.1149,1.755386,0.499986,0.101864
0.079015,1.261946,1.78102,0.499987,0.053204
-0.045571,1.848791,1.741205,0.499986,-0.139641
-0.061106,1.94757,1.711468,0.499985,-0.176399
-0.073329,2.046811,1.674259,0.499985,-0.215633
-0.083727,2.196414,1.603309,0.499983,-0.279644
-0.084125,2.296396,1.545107,0.499981,-0.325778
-0.078243,2.3962,1.477551,0.499986,-0.374297
-0.055633,2.544337,1.357764,0.497681,-0.449556
-0.044021,2.592728,1.312808,0.494311,-0.474526
-0.030281,2.640206,1.265355,0.489417,-0.498967
0.023662,2.774572,1.108737,0.469955,-0.565072
0.096174,2.893416,0.93414,0.458056,-0.608978
0.188,2.996291,0.750006,0.471323,-0.612054
0.223448,3.027344,0.688801,0.481386,-0.600647
0.344932,3.110388,0.514839,0.499999,-0.52498
0.434353,3.155056,0.413528,0.499999,-0.447728
0.575177,3.206447,0.292002,0.499999,-0.319773
0.623282,3.220072,0.260025,0.499999,-0.278885
0.671774,3.232252,0.232137,0.499999,-0.240322
0.81879,3.261903,0.170434,0.499999,-0.142908
0.91756,3.277517,0.144434,0.499999,-0.094584
1.066256,3.297231,0.121584,0.499999,-0.044889
1.165567,3.308942,0.113751,0.499999,-0.024115
1.264946,3.320072,0.109678,0.499999,-0.010696
1.414065,3.336305,0.107732,0.499999,-9.7e-05
1.463775,3.341681,0.107723,0.499999,0.001703
1.513484,3.347061,0.107893,0.499999,0.002907
1.612899,3.35786,0.108548,0.499999,0.004016
1.762006,3.374201,0.109763,0.499999,0.003787
1.8614,3.385192,0.110488,0.499999,0.003067
2.010479,3.401795,0.111279,0.499999,0.00176
2.109858,3.412916,0.111587,0.499999,0.00089
2.209235,3.42406,0.111723,0.499999,5.4e-05
2.3583,3.440779,0.111618,0.499999,-0.00115
2.457679,3.451906,0.111349,0.499999,-0.001916
2.50737,3.457457,0.111157,0.499999,-0.002275
2.557062,3.462998,0.11093,0.499999,-0.002602
2.706147,3.479541,0.110073,0.499999,-0.003181
2.805545,3.490495,0.109442,0.499999,-0.002867
2.954653,3.506822,0.108777,0.499999,-0.00011
3.054062,3.517682,0.108945,0.499999,0.004399
3.153463,3.528607,0.110171,0.499999,0.012331
3.550467,3.577307,0.1454,0.499999,0.109535
3.649235,3.592934,0.16959,0.499999,0.157991
0.314551,0.712029,1.592588,0.499994,0.308417
0.31269,0.761991,1.62343,0.499994,0.282497
0.304673,0.861656,1.677487,0.499994,0.235113
0.283718,1.010158,1.741684,0.499995,0.174321
0.265042,1.108392,1.774766,0.499995,0.139755
0.231778,1.254647,1.812055,0.499995,0.095076
0.206996,1.351525,1.829735,0.499995,0.068996
0.180754,1.448019,1.842314,0.499995,0.045029
0.167236,1.496156,1.846817,0.499995,0.033616
0.139687,1.592285,1.852425,0.499995,0.011489
0.111811,1.68832,1.853634,0.499995,-0.010277
0.043459,1.928789,1.837321,0.499995,-0.067639
0.005579,2.073922,1.813167,0.499995,-0.10757
-0.01734,2.171257,1.790177,0.499995,-0.137973
-0.046738,2.318332,1.743699,0.499995,-0.191003
-0.062007,2.417152,1.703501,0.499994,-0.232226
-0.072876,2.516548,1.6548,0.499994,-0.278698
-0.078883,2.666374,1.563473,0.499994,-0.358518
-0.074495,2.766253,1.488856,0.499994,-0.417848
-0.052509,2.914517,1.354122,0.499992,-0.512486
-0.040514,2.96305,1.302874,0.499992,-0.544195
-0.025972,3.010881,1.248454,0.499991,-0.575161
0.011153,3.10367,1.130465,0.499988,-0.632135
0.087776,3.232338,0.933919,0.499812,-0.692074
0.188745,3.342634,0.724306,0.498759,-0.696524
0.22722,3.374355,0.654654,0.49921,-0.681281
0.310347,3.429665,0.52082,0.499999,-0.624555
0.399926,3.473974,0.399843,0.499999,-0.540807
0.446486,3.492184,0.345763,0.499999,-0.493191
0.590707,3.533012,0.212534,0.499999,-0.347209
0.689093,3.550808,0.147647,0.499999,-0.259088
0.788331,3.563048,0.099742,0.499999,-0.184545
0.9379,3.574231,0.053479,0.499999,-0.100963
1.037802,3.57862,0.035361,0.499999,-0.06263
1.137758,3.581566,0.024307,0.499999,-0.035749
1.287728,3.584526,0.01636,0.499999,-0.011601
1.387716,3.586058,0.014526,0.499999,-0.003048
1.537701,3.5882,0.014347,0.499999,0.002886
1.63769,3.589666,0.015004,0.499999,0.004097
1.737678,3.591208,0.015836,0.499999,0.004132
1.887658,3.593673,0.016992,0.499999,0.003128
1.987643,3.595402,0.017573,0.499999,0.002196
2.087627,3.59718,0.017963,0.499999,0.001227
2.237602,3.599896,0.018189,0.499999,-0.000177
2.337585,3.601712,0.018109,0.499999,-0.001053
2.437569,3.603511,0.017857,0.499999,-0.001855
2.587546,3.606143,0.017199,0.499999,-0.002745
2.687531,3.607835,0.016637,0.499999,-0.002874
2.837511,3.610269,0.015855,0.499999,-0.001508
2.937499,3.611842,0.015669,0.499999,0.001297
3.037486,3.613428,0.016156,0.499999,0.006626
3.187463,3.616052,0.019445,0.499999,0.022024
3.287439,3.618237,0.024636,0.499999,0.039461
3.387396,3.621123,0.03368,0.499999,0.064673
0.255786,0.132393,0.845328,0.499995,0.970103
0.314625,0.21307,1.032631,0.499997,0.835473
0.401105,0.894993,1.695612,0.499998,0.174078
0.386987,0.993986,1.728173,0.499998,0.131532
0.360774,1.14167,1.76253,0.499998,0.084447
0.340919,1.239678,1.77821,0.499998,0.061754
0.319745,1.33741,1.789631,0.499998,0.044284
0.286295,1.483631,1.800847,0.499998,0.025159
0.26326,1.580941,1.805377,0.499998,0.015612
0.228103,1.726762,1.808845,0.499998,0.003931
0.204493,1.823935,1.809274,0.499998,-0.003194
0.18091,1.921114,1.808273,0.499998,-0.010616
0.169174,1.969717,1.807211,0.499998,-0.01466
0.145905,2.066971,1.80384,0.499998,-0.023888
0.123057,2.164326,1.798524,0.499998,-0.035321
0.090053,2.310648,1.785789,0.499998,-0.058651
0.069317,2.408474,1.773063,0.499998,-0.079908
0.041109,2.555792,1.745085,0.499998,-0.123466
0.025031,2.654487,1.718561,0.499998,-0.162253
0.011972,2.753626,1.683829,0.499998,-0.210351
0.00012,2.903124,1.612095,0.499998,-0.301997
0.031275,3.250462,1.317476,0.499998,-0.594166
0.062126,3.345517,1.194238,0.499997,-0.680012
0.082079,3.391353,1.126236,0.499997,-0.718111
0.131478,3.478195,0.979334,0.499997,-0.776686
0.193477,3.556524,0.822297,0.499996,-0.800298
0.228933,3.591759,0.742267,0.499991,-0.795247
0.350337,3.679279,0.510052,0.499999,-0.709935
0.394802,3.702121,0.439058,0.499999,-0.663049
0.440731,3.72186,0.372753,0.499999,-0.610639
0.584479,3.764102,0.206392,0.499999,-0.44153
0.683115,3.780385,0.123551,0.499999,-0.33512
0.782683,3.789495,0.061341,0.499999,-0.24296
0.9326,3.793713,-8.7e-05,0.499999,-0.137098
1.032589,3.792401,-0.024827,0.499999,-0.087386
1.182487,3.786946,-0.045552,0.499999,-0.038525
1.282366,3.782034,-0.052174,0.499999,-0.019033
1.38222,3.776646,-0.055299,0.499999,-0.006942
1.531985,3.768247,-0.056295,0.499999,0.001998
1.631827,3.762644,-0.055759,0.499999,0.00419
1.731674,3.757113,-0.05488,0.499999,0.0047
1.881454,3.748989,-0.053526,0.499999,0.003864
1.981312,3.743677,-0.052801,0.499999,0.002859
2.081174,3.738426,-0.052284,0.499999,0.00176
2.230971,3.73062,-0.051919,0.499999,0.000148
2.330836,3.72543,-0.051941,0.499999,-0.000843
2.480632,3.717618,-0.052327,0.499999,-0.002101
2.580494,3.712366,-0.052779,0.499999,-0.002645
2.680353,3.707064,-0.05332,0.499999,-0.002722
2.830137,3.699012,-0.054037,0.499999,-0.001129
2.92999,3.693603,-0.054136,0.499999,0.001957
2.979917,3.690903,-0.05394,0.499999,0.004428
3.029845,3.688218,-0.053497,0.499999,0.007703
3.179642,3.680426,-0.0498,0.499999,0.024051
3.279531,3.675709,-0.044162,0.499999,0.042388
3.379452,3.671748,-0.034478,0.499999,0.068746
3.529408,3.668339,-0.008568,0.499999,0.12704
3.927913,3.695307,0.178375,0.499999,0.396511
0.390095,0.600119,1.573801,0.499999,0.292242
0.218093,1.938295,1.717797,0.499999,0.00042
0.196109,2.086675,1.718,0.499999,0.00083
0.144853,2.432901,1.716357,0.499999,-0.012364
0.130484,2.531863,1.71336,0.499999,-0.024232
0.116536,2.630885,1.707689,0.499999,-0.042623
0.097176,2.779629,1.690956,0.499999,-0.087393
0.086109,2.879013,1.6714,0.499999,-0.132398
0.07437,3.028538,1.622879,0.499999,-0.228671
0.072338,3.078495,1.600011,0.499999,-0.269258
0.071551,3.128487,1.573086,0.499999,-0.314172
0.184799,3.608679,1.012585,0.499999,-0.840344
0.213032,3.649927,0.928551,0.499999,-0.86437
0.279555,3.724422,0.754695,0.499999,-0.86848
0.400752,3.812122,0.501817,0.499999,-0.767127
0.445467,3.834469,0.425105,0.499999,-0.71312
0.587475,3.882025,0.229322,0.499999,-0.527869
0.685853,3.899732,0.129965,0.499999,-0.406036
0.785418,3.908794,0.054368,0.499999,-0.298116
0.885372,3.911367,-0.000545,0.499999,-0.208824
0.935368,3.910818,-0.021428,0.499999,-0.171545
1.035292,3.907042,-0.052485,0.499999,-0.111023
1.184949,3.896967,-0.079025,0.499999,-0.050579
1.284598,3.888603,-0.087782,0.499999,-0.026028
1.384192,3.879598,-0.092118,0.499999,-0.010537
1.533539,3.865625,-0.093857,0.499999,0.001271
1.6331,3.856271,-0.093413,0.499999,0.004383
1.732669,3.846988,-0.092469,0.499999,0.005326
1.882038,3.833256,-0.090904,0.499999,0.004623
1.98163,3.824223,-0.09003,0.499999,0.003537
2.081227,3.815266,-0.089384,0.499999,0.002308
3.027401,3.730104,-0.090394,0.499999,0.007626
3.176809,3.71679,-0.086709,0.499999,0.024119
3.276455,3.708392,-0.081049,0.499999,0.042655
3.426047,3.697362,-0.064364,0.499999,0.086284
3.625839,3.688674,-0.016926,0.499999,0.182157
3.825704,3.693707,0.07574,0.499999,0.321997
0.557476,0.144281,0.445135,0.200545,0.098418
0.665785,0.199829,0.501279,0.205941,0.086993
0.9156,0.355589,0.607681,0.215128,0.064245
1.021217,0.432011,0.644097,0.221379,0.055815
1.147727,0.530809,0.680265,0.246443,0.046002
1.272491,0.63459,0.705498,0.318115,0.036043
1.378527,0.726215,0.718701,0.411305,0.02758
1.513359,0.845419,0.728267,0.499999,0.01762
1.625064,0.945528,0.732823,0.5,0.010747
1.736409,1.046039,0.735587,0.5,0.007189
1.847514,1.146813,0.737817,0.5,0.009447
0.277833,1.332533,1.305471,0.382039,-0.184085
0.362423,1.57291,1.144286,0.344654,-0.289765
0.44532,1.723553,0.986523,0.35555,-0.348947
0.510937,1.812048,0.879727,0.398132,-0.365407
0.565296,1.873025,0.806633,0.441916,-0.362279
0.596445,1.904369,0.770405,0.465296,-0.355276
0.630405,1.936173,0.734877,0.486168,-0.344285
0.667028,1.968143,0.700449,0.499995,-0.329295
0.786156,2.059205,0.607537,0.499999,-0.26557
0.955678,2.165197,0.516242,0.499999,-0.166965
1.043427,2.213147,0.485108,0.499999,-0.123416
1.177281,2.280831,0.453632,0.499999,-0.071793
1.267465,2.324038,0.440611,0.499999,-0.046855
1.449017,2.40793,0.427191,0.499999,-0.016014
1.494541,2.428609,0.42559,0.499999,-0.011396
1.631247,2.490344,0.423197,0.499999,-0.002604
1.813625,2.572432,0.42298,0.499999,0.001656
1.859217,2.592959,0.423145,0.499999,0.001975
3.499351,3.334534,0.436643,0.499999,0.050404
0.138448,1.481039,1.458195,0.447026,-0.174195
0.203538,1.810097,1.269636,0.382739,-0.313631
0.256816,1.949101,1.13445,0.359694,-0.376417
0.327625,2.074479,0.976233,0.371768,-0.422104
0.398284,2.165637,0.847922,0.418029,-0.432882
0.457774,2.227404,0.761665,0.462621,-0.422389
0.568349,2.320226,0.638892,0.499999,-0.374499
0.693372,2.402981,0.533818,0.499999,-0.297817
0.825581,2.473751,0.452868,0.499999,-0.214702
0.916385,2.515621,0.412523,0.499999,-0.164362
1.055127,2.572606,0.369783,0.499999,-0.102681
1.148718,2.607826,0.3509,0.499999,-0.071586
1.290069,2.658017,0.333063,0.499999,-0.038524
1.384692,2.690365,0.326152,0.499999,-0.023923
1.526935,2.737978,0.320533,0.499999,-0.01019
1.764341,2.816323,0.317811,0.499999,-0.000729
1.859335,2.847567,0.317738,0.499999,0.000493
2.096806,2.925716,0.318163,0.499999,0.000876
0.044059,1.702115,1.567177,0.496934,-0.180962
0.0993,2.168281,1.299762,0.424382,-0.373813
0.139434,2.286187,1.182098,0.399587,-0.427575
0.191353,2.39262,1.049133,0.39107,-0.471422
0.211633,2.426054,1.001991,0.394219,-0.482339
0.312669,2.554076,0.805295,0.4441,-0.495624
0.344221,2.585322,0.755733,0.463596,-0.488908
0.456088,2.676219,0.612998,0.499999,-0.440177
0.67383,2.798256,0.419912,0.499999,-0.297802
0.813218,2.853563,0.339482,0.499999,-0.211196
1.052422,2.925994,0.257682,0.499999,-0.102417
1.149365,2.950524,0.238766,0.499999,-0.072957
1.637763,3.057492,0.203695,0.499999,-0.008075
1.73571,3.077647,0.202281,0.499999,-0.00447
2.225621,3.177578,0.200922,0.499999,3.3e-05
0.000969,2.419132,1.410241,0.497316,-0.378124
0.082074,2.698116,1.149835,0.465205,-0.507712
0.124139,2.780509,1.046522,0.457123,-0.540867
0.202218,2.893074,0.880802,0.463023,-0.568083
0.265632,2.961547,0.767118,0.480575,-0.56428
0.339226,3.024886,0.655263,0.498903,-0.538626
0.69522,3.202355,0.301355,0.499999,-0.299103
1.533673,3.332155,0.086552,0.499999,-0.020912
2.58043,3.414543,0.077958,0.499999,0.004804
0.016981,2.282259,1.726131,0.499993,-0.174
0.090503,3.115928,1.118621,0.499983,-0.589637
0.198701,3.283474,0.87196,0.499329,-0.646648
0.760648,3.58239,0.184135,0.499998,-0.300906
0.809933,3.590804,0.154045,0.499998,-0.268278
1.308601,3.619263,-0.004892,0.499998,-0.064607
1.408594,3.618153,-0.016822,0.499998,-0.04611
1.508571,3.616028,-0.025304,0.499998,-0.032367
1.60853,3.613188,-0.031235,0.499998,-0.02233
1.758441,3.608048,-0.036821,0.499998,-0.012319
1.858369,3.60425,-0.03905,0.499998,-0.007995
2.008247,3.598234,-0.040974,0.499998,-0.003708
2.108162,3.594104,-0.04161,0.499998,-0.001729
2.208074,3.589929,-0.041871,0.499998,-7.2e-05
2.357943,3.583658,-0.041651,0.499998,0.002434
2.457857,3.579521,-0.041066,0.499998,0.004533
2.557774,3.575464,-0.04003,0.499998,0.007342
2.607735,3.573482,-0.039296,0.499998,0.00913
2.707661,3.56965,-0.037258,0.499998,0.013747
2.807596,3.56607,-0.034213,0.499998,0.020197
2.907545,3.562861,-0.029763,0.499998,0.029117
3.057497,3.559125,-0.01925,0.499998,0.048845
3.157486,3.55771,-0.008608,0.499998,0.067582
0.441866,0.734973,1.58916,0.499998,0.267993
0.440278,0.784946,1.61596,0.499998,0.237082
0.433466,0.884705,1.660583,0.499998,0.184009
0.33613,1.476429,1.775706,0.499998,0.030243
0.3155,1.574277,1.781202,0.499998,0.019702
0.075821,3.00146,1.553598,0.499998,-0.329488
0.908888,3.864298,0.062457,0.499998,-0.270015
2.698196,3.687598,-0.124596,0.499998,0.014793
2.797439,3.675325,-0.121321,0.499998,0.021677
0.241249,2.185314,1.690532,0.499999,-0.000262
0.229308,2.284599,1.690394,0.499999,-0.002401
0.211489,2.433536,1.68906,0.499999,-0.009996
0.1998,2.53285,1.686637,0.499999,-0.019602
0.152002,3.130624,1.571377,0.499999,-0.261273
0.301562,3.701166,0.940312,0.499999,-0.79513
0.332613,3.740339,0.860799,0.499997,-0.803062
0.620104,3.932894,0.341897,0.499998,-0.592545
0.667678,3.948252,0.282642,0.499998,-0.544336
0.814402,3.978758,0.133719,0.499998,-0.403233
0.913931,3.98819,0.0574,0.499999,-0.319381
1.013881,3.990829,-0.002713,0.499999,-0.247186
1.063874,3.990076,-0.027431,0.499999,-0.215727
1.16375,3.985249,-0.067736,0.499999,-0.161861
1.263399,3.976923,-0.097842,0.499999,-0.119153
1.412414,3.959819,-0.128522,0.499999,-0.072727
1.511496,3.94631,-0.141909,0.499999,-0.051168
1.61042,3.931681,-0.151288,0.499999,-0.035342
2.202432,3.834153,-0.168374,0.499999,-0.001087
0.314305,0.028894,0.178469,0.201774,0.103752
0.669311,0.126555,0.354368,0.207049,0.093118
0.784668,0.172929,0.409985,0.207381,0.092383
0.915772,0.235027,0.474832,0.207002,0.093357
1.024462,0.294826,0.531381,0.20661,0.095785
1.147034,0.372592,0.599712,0.210266,0.100378
1.181643,0.39677,0.619865,0.214115,0.101931
1.27012,0.46347,0.671587,0.238393,0.105474
1.327598,0.510689,0.703351,0.27125,0.106305
1.392494,0.567572,0.735142,0.325995,0.104495
1.498379,0.667533,0.77574,0.433346,0.094051
1.561646,0.730771,0.794085,0.484896,0.083825
1.595488,0.765497,0.802468,0.499999,0.077381
1.630096,0.801585,0.810206,0.5,0.070226
1.698533,0.874497,0.82349,0.5,0.054835
1.732416,0.911266,0.828974,0.5,0.047147
1.799644,0.985294,0.837666,0.5,0.032901
1.866331,1.059812,0.84362,0.5,0.021073
1.89953,1.0972,0.845728,0.5,0.016226
1.965734,1.172146,0.84856,0.5,0.008656
2.031781,1.247231,0.850011,0.5,0.003624
2.097755,1.322381,0.850563,0.5,0.000614
2.130731,1.359964,0.850625,0.5,-0.000308
0.612222,0.281788,0.654775,0.223438,0.070657
0.753822,0.396172,0.699455,0.231923,0.036833
0.89601,0.518515,0.717038,0.238077,0.002728
1.173758,0.754944,0.681036,0.325686,-0.056926
1.318446,0.868453,0.650005,0.440252,-0.066207
1.470567,0.980923,0.624461,0.5,-0.055894
1.840116,1.237676,0.601181,0.5,0.022632
3.170973,2.511295,0.853778,0.5,-0.003577
3.269608,2.624305,0.852616,0.5,-0.004283
3.861634,3.30216,0.868727,0.5,0.065643
0.435612,0.462662,1.057197,0.287327,0.108595
0.557012,0.70025,1.129426,0.305368,0.044905
0.582915,0.755694,1.137701,0.307731,0.030782
0.673021,0.953777,1.144376,0.315738,-0.018869
0.686107,0.982511,1.142489,0.317561,-0.025981
0.784318,1.189931,1.109614,0.350648,-0.07385
0.800038,1.221275,1.102229,0.360373,-0.0799
0.912916,1.429917,1.047064,0.455511,-0.103407
1.039373,1.636145,0.995745,0.499999,-0.097195
1.151315,1.801868,0.958178,0.499999,-0.09174
0.764173,1.816775,0.789401,0.495823,-0.286428
2.085697,2.611767,0.436231,0.499999,-0.020893
2.358267,2.737084,0.426802,0.499999,-0.009453
2.814004,2.942759,0.423103,0.499999,0.003322
3.041817,3.045719,0.426662,0.499999,0.014393
3.268911,3.150253,0.437858,0.499999,0.037886
3.404356,3.214707,0.451469,0.499999,0.062543
3.627166,3.328045,0.494749,0.499999,0.129992
3.757641,3.402021,0.539342,0.499999,0.189056
4.003838,3.572955,0.688787,0.499999,0.337431
0.529829,2.04622,0.885228,0.433562,-0.376853
0.557904,2.079255,0.847543,0.453579,-0.376271
0.657522,2.179898,0.736104,0.49858,-0.355452
0.985079,2.407546,0.497004,0.499997,-0.216299
1.256366,2.5353,0.392822,0.499997,-0.120596
0.40248,2.412458,0.958417,0.412667,-0.425898
0.426912,2.445711,0.915827,0.425522,-0.430475
0.482613,2.512049,0.829551,0.457955,-0.431041
0.623614,2.641557,0.661015,0.499801,-0.395802
0.663664,2.671452,0.621435,0.499996,-0.380954
0.924296,2.818966,0.419095,0.499993,-0.273179
1.254526,2.933853,0.263733,0.499994,-0.160319
1.400186,2.969615,0.219475,0.499994,-0.123499
1.892718,3.054851,0.137051,0.499994,-0.041719
0.257558,2.636197,1.215254,0.457991,-0.406145
0.312409,2.759875,1.08848,0.439929,-0.452898
0.381071,2.871588,0.949083,0.437081,-0.483494
0.435606,2.940381,0.851893,0.447724,-0.490135
0.498392,3.005377,0.75403,0.465795,-0.483518
0.569989,3.066376,0.658135,0.483601,-0.464603
0.82618,3.214651,0.402316,0.49998,-0.364974
1.359162,3.34159,0.100181,0.499986,-0.177655
1.758636,3.357641,-0.007564,0.499987,-0.08579
1.858619,3.35605,-0.023785,0.499987,-0.067407
2.008531,3.351075,-0.041421,0.499987,-0.042055
2.108425,3.346534,-0.049032,0.499987,-0.026199
2.20829,3.34139,-0.053499,0.499987,-0.010837
2.30814,3.335954,-0.054908,0.499987,0.00432
2.358063,3.333221,-0.054476,0.499987,0.011911
2.45792,3.327914,-0.051329,0.499987,0.027297
2.5578,3.323076,-0.045082,0.499987,0.043197
2.707687,3.317391,-0.029629,0.499987,0.068652
2.807658,3.315137,-0.014992,0.499987,0.087133
0.199885,2.752308,1.462258,0.499989,-0.318166
0.248216,2.997235,1.280572,0.499985,-0.432075
0.300578,3.13767,1.144315,0.499981,-0.49621
0.322381,3.182658,1.094694,0.499784,-0.514588
0.34642,3.226469,1.043235,0.498802,-0.530612
0.431446,3.348636,0.88046,0.491688,-0.559184
0.498024,3.420644,0.768466,0.488561,-0.558117
1.122717,3.697106,0.128698,0.499982,-0.307002
1.172392,3.702761,0.097998,0.499983,-0.28742
1.272133,3.709727,0.042404,0.499984,-0.25035
2.360717,3.572337,-0.199347,0.499987,0.00925
2.458757,3.552647,-0.196602,0.499987,0.027247
3.100653,3.452768,-0.081971,0.499986,0.171274
3.150516,3.449101,-0.064843,0.499985,0.185836
3.300393,3.44375,-0.004447,0.499985,0.233722
0.436202,0.377488,1.218923,0.499997,0.555468
0.498426,1.019898,1.634077,0.499998,0.128197
0.490862,1.119609,1.658151,0.499998,0.098557
0.481188,1.219138,1.676615,0.499998,0.07497
0.463789,1.368122,1.696242,0.499998,0.048361
0.450815,1.467276,1.70521,0.499998,0.034988
0.430003,1.615824,1.714047,0.499998,0.01936
0.415546,1.714773,1.717481,0.499998,0.010863
0.400833,1.813685,1.719262,0.499998,0.003181
0.37862,1.96203,1.719102,0.499998,-0.008038
0.363933,2.060945,1.717102,0.499998,-0.016111
0.349525,2.159901,1.713437,0.499998,-0.025316
0.328831,2.308466,1.704225,0.499998,-0.042605
0.315968,2.407634,1.695001,0.499998,-0.057467
0.289267,2.656187,1.65649,0.499998,-0.112193
0.281864,2.75591,1.632567,0.499998,-0.14343
0.276058,2.905782,1.583949,0.499998,-0.20287
0.324381,3.351688,1.302738,0.499997,-0.468556
0.374501,3.492916,1.152575,0.499997,-0.560712
0.420203,3.581799,1.037894,0.499997,-0.607263
0.446896,3.624068,0.977167,0.499253,-0.623333
0.507561,3.702865,0.851467,0.49229,-0.638072
1.021717,3.977251,0.176678,0.499982,-0.418335
1.170618,3.994599,0.058563,0.499986,-0.345734
1.765273,3.931688,-0.225612,0.499989,-0.130197
3.261085,3.532202,-0.121269,0.499988,0.236067
3.410512,3.519577,-0.044754,0.499987,0.294729
0.346465,2.531476,1.625703,0.499999,-0.012256
0.34111,2.631332,1.622803,0.499999,-0.022337
0.333904,2.781158,1.613891,0.499999,-0.047641
0.330102,2.881085,1.603163,0.499999,-0.073795
0.327122,3.031051,1.575793,0.499999,-0.131569
0.327201,3.08105,1.562637,0.499999,-0.156605
0.537721,3.834541,0.86943,0.490308,-0.690666
0.570627,3.870877,0.800364,0.489648,-0.689507
0.860574,4.055295,0.349492,0.499987,-0.552657
0.907999,4.071109,0.294226,0.499983,-0.524281
1.05431,4.103516,0.145566,0.499989,-0.438387
1.153754,4.113737,0.06067,0.49999,-0.383546
1.253703,4.116033,-0.013429,0.499991,-0.332368
1.403365,4.106847,-0.106058,0.499991,-0.263815
1.502484,4.093694,-0.156762,0.499992,-0.223748
1.649792,4.065546,-0.218465,0.499992,-0.171532
1.891535,4.002048,-0.289552,0.499992,-0.10193
1.987082,3.97255,-0.308751,0.499992,-0.078733
2.082118,3.941441,-0.323412,0.499992,-0.05743
2.31823,3.859299,-0.342293,0.499992,-0.009273
3.523932,3.551434,-0.016463,0.49999,0.350558
0.438417,0.016569,0.081062,0.241395,0.056086
0.558179,0.028042,0.110606,0.23938,0.063766
0.792636,0.062227,0.182189,0.233555,0.081804
0.906235,0.085632,0.225137,0.229443,0.092226
1.038023,0.119803,0.283855,0.223126,0.106038
1.143021,0.15355,0.339359,0.216607,0.118674
1.261873,0.200464,0.414631,0.208026,0.135249
1.372448,0.25475,0.500233,0.20348,0.1533
1.407903,0.274845,0.531203,0.205382,0.159488
1.497049,0.332315,0.613936,0.229775,0.173821
1.575943,0.392319,0.684674,0.287423,0.180219
1.621481,0.430911,0.720718,0.334898,0.17925
1.701515,0.505226,0.773719,0.425945,0.168616
1.731731,0.535247,0.790581,0.456745,0.161894
1.830521,0.639979,0.836428,0.5,0.131489
1.863782,0.677311,0.849577,0.5,0.118763
1.92894,0.753167,0.872002,0.5,0.092142
1.992585,0.830297,0.889129,0.5,0.066792
2.02396,0.869228,0.895809,0.5,0.055369
2.086035,0.947628,0.905848,0.5,0.035852
2.116816,0.98703,0.909433,0.5,0.027874
2.208514,1.105737,0.915865,0.5,0.010707
2.299724,1.22482,0.918035,0.5,0.001799
2.330089,1.264543,0.918215,0.5,0.000157
2.390814,1.343994,0.918131,0.5,-0.001756
2.45156,1.42343,0.917735,0.5,-0.002414
2.481945,1.463137,0.917494,0.5,-0.002446
2.57316,1.582217,0.916797,0.5,-0.001943
2.664447,1.70124,0.916291,0.5,-0.001165
2.694887,1.740906,0.916175,0.5,-0.000924
2.75578,1.820229,0.916012,0.5,-0.000512
2.816683,1.899544,0.915926,0.5,-0.000205
2.847136,1.9392,0.915906,0.5,-9.2e-05
2.908044,2.018511,0.915896,0.5,5.9e-05
2.938497,2.058166,0.915902,0.5,9.8e-05
3.029857,2.177134,0.915933,0.5,7e-05
3.151667,2.335761,0.915914,0.5,-0.000351
3.273496,2.494372,0.915647,0.5,-0.001315
3.395403,2.652924,0.914918,0.5,-0.002685
3.517467,2.811355,0.913694,0.5,-0.003276
3.639722,2.969638,0.912715,0.5,0.000398
3.972489,3.40752,0.9445,0.5,0.094644
1.023568,0.255369,0.479373,0.207471,0.097587
1.388443,0.498344,0.694185,0.284582,0.117503
1.510727,0.606694,0.752395,0.403119,0.111787
1.637961,0.731287,0.79473,0.499999,0.092661
1.741597,0.839723,0.820341,0.5,0.069855
2.204039,1.365156,0.861066,0.5,0.001929
2.30176,1.478957,0.861361,0.5,-0.00041
0.392486,0.15593,0.591345,0.207437,0.123389
0.94315,0.626543,0.735895,0.250011,-0.037141
1.080413,0.746689,0.698488,0.285298,-0.074691
1.230784,0.866496,0.6471,0.38695,-0.097103
1.57525,1.103615,0.567889,0.499999,-0.054099
1.957013,1.341844,0.566139,0.499999,0.069625
2.586643,1.832716,0.772219,0.499999,0.104853
4.091456,3.569125,1.004896,0.499999,0.226523
0.27235,0.151282,0.746739,0.213093,0.20632
0.546889,0.505565,1.033078,0.280314,0.106344
0.670034,0.733355,1.109525,0.295741,0.058569
0.68312,0.759876,1.115382,0.297128,0.053365
0.785944,0.979136,1.143511,0.312421,0.0116
0.911153,1.25335,1.134406,0.382123,-0.03793
1.022287,1.482819,1.103114,0.486788,-0.07208
1.266871,1.91691,0.999755,0.499998,-0.154996
2.671324,2.845513,0.333033,0.499987,-0.008668
2.907547,2.927339,0.337348,0.499987,0.034989
3.048787,2.977835,0.350595,0.499987,0.062941
3.142474,3.012793,0.364166,0.499987,0.082915
3.281905,3.068077,0.39223,0.499987,0.115615
3.509637,3.171079,0.462302,0.499986,0.179523
3.769347,3.320805,0.592636,0.499984,0.273363
3.89006,3.409758,0.679779,0.499982,0.324931
0.791966,1.902138,1.001927,0.351016,-0.275596
0.81128,1.931448,0.974368,0.352833,-0.283302
0.898935,2.045638,0.857699,0.378556,-0.300425
0.924125,2.073893,0.827656,0.389323,-0.300438
0.615713,1.937046,1.298536,0.441982,-0.190959
0.668897,2.101697,1.21405,0.41629,-0.244827
0.69963,2.178318,1.163763,0.402361,-0.271015
0.75106,2.285222,1.078715,0.382635,-0.3074
0.788998,2.351026,1.016152,0.372326,-0.328127
0.830069,2.412687,0.94965,0.366371,-0.344331
0.923539,2.525703,0.809118,0.373754,-0.356567
1.251141,2.765912,0.480448,0.453529,-0.274069
1.510182,2.876348,0.334634,0.487843,-0.199778
0.578448,2.198135,1.395374,0.499936,-0.185547
0.597749,2.296197,1.356779,0.498498,-0.215524
0.634212,2.440471,1.287492,0.489143,-0.262163
0.663872,2.533113,1.233482,0.477196,-0.293674
0.716385,2.663712,1.140728,0.452133,-0.339484
0.777837,2.781278,1.034683,0.422611,-0.379605
0.800108,2.817191,0.996723,0.412898,-0.390701
0.84709,2.883962,0.91763,0.395488,-0.40792
0.923493,2.972075,0.793805,0.379497,-0.417651
0.950658,2.998571,0.75204,0.378101,-0.416053
1.103097,3.114182,0.549879,0.398972,-0.378211
1.137499,3.134383,0.512058,0.40685,-0.366423
1.289279,3.205863,0.373319,0.441591,-0.31259
1.650059,3.301388,0.163348,0.492338,-0.199341
1.747794,3.315532,0.124812,0.497369,-0.172972
1.846824,3.326251,0.091493,0.499554,-0.147749
1.996388,3.336788,0.050795,0.499969,-0.112033
2.346225,3.343372,-0.004476,0.499919,-0.036552
2.446205,3.342585,-0.010767,0.499922,-0.01622
2.596171,3.340731,-0.012608,0.499922,0.014017
2.696149,3.339636,-0.008793,0.499919,0.034312
2.796131,3.339125,-0.000904,0.499911,0.054962
0.587347,1.383986,1.574386,0.49999,0.066217
0.586352,1.483978,1.586589,0.49999,0.045708
0.58434,1.583956,1.594743,0.49999,0.026131
0.58028,1.733897,1.599722,0.49999,-0.002349
0.577435,1.833855,1.598307,0.49999,-0.021312
0.574922,1.933821,1.593083,0.49999,-0.040704
0.57262,2.083799,1.577853,0.49999,-0.071438
0.589817,2.533244,1.470539,0.499989,-0.187114
0.601724,2.632524,1.431529,0.499988,-0.219521
0.627633,2.780233,1.360444,0.499988,-0.273053
0.651218,2.877396,1.303935,0.499987,-0.311462
0.665152,2.925412,1.272789,0.499986,-0.331183
0.697703,3.019942,1.204567,0.499987,-0.370817
0.736984,3.111876,1.128458,0.499753,-0.409086
0.783349,3.200147,1.044857,0.492622,-0.443412
0.809016,3.24219,1.000515,0.484454,-0.458114
0.893498,3.355854,0.859595,0.444631,-0.487374
0.923331,3.388818,0.810858,0.429568,-0.491053
0.953675,3.419218,0.761752,0.416356,-0.491483
1.015855,3.472986,0.663721,0.398944,-0.483375
1.047862,3.496794,0.615384,0.395191,-0.475455
1.149233,3.558233,0.475935,0.400962,-0.440346
0.714773,3.245533,1.308381,0.499998,-0.335171
0.744,3.341145,1.238411,0.499998,-0.394158
0.801536,3.479561,1.11144,0.499998,-0.478878
0.877599,3.60846,0.960765,0.488667,-0.541819
0.906666,3.647735,0.906583,0.471658,-0.554556
0.967512,3.71721,0.794873,0.434082,-0.565913
0.998775,3.747317,0.738281,0.418767,-0.565014
1.095929,3.821917,0.570522,0.397132,-0.54144
1.165009,3.861166,0.463552,0.401567,-0.513156
1.278392,3.907427,0.314713,0.425823,-0.459985
1.361467,3.930323,0.224653,0.446807,-0.420819
1.405221,3.939357,0.182571,0.457204,-0.400773
1.496676,3.952506,0.10443,0.47582,-0.360536
1.641309,3.959987,0.002231,0.494309,-0.30147
2.474174,3.810567,-0.280965,0.499971,-0.034271
0.657116,3.007996,1.468213,0.499999,-0.100611
0.750988,3.498038,1.243701,0.499999,-0.416633
0.857561,3.723165,0.999695,0.481517,-0.575842
0.941888,3.83249,0.822454,0.42173,-0.609048
1.379416,4.053412,0.162202,0.47003,-0.429906
1.522278,4.067613,0.039889,0.492993,-0.363632
1.77066,4.056465,-0.120785,0.499971,-0.260396
2.209506,3.959503,-0.29132,0.499978,-0.108594
2.58885,3.832801,-0.338888,0.499979,0.001497
0.028443,-5.5e-05,-0.003854,0.284556,-0.036831
0.085366,-0.000481,-0.011039,0.284833,-0.033043
0.199371,-0.002449,-0.022874,0.285423,-0.02319
0.313569,-0.005532,-0.030347,0.285827,-0.010749
0.427851,-0.009179,-0.032587,0.285766,0.003203
0.570509,-0.013559,-0.027318,0.284744,0.021716
0.684145,-0.016095,-0.016344,0.283004,0.037053
0.796969,-0.017027,0.000828,0.280313,0.052813
0.908552,-0.01568,0.024372,0.27653,0.069048
1.018364,-0.011409,0.05449,0.271489,0.085826
1.152121,-0.001073,0.101727,0.263111,0.107636
1.255322,0.011782,0.147483,0.25449,0.12577
1.377967,0.034105,0.215031,0.241105,0.14926
1.491649,0.063541,0.294493,0.225342,0.173577
1.614315,0.108053,0.40611,0.208245,0.203564
1.706936,0.153761,0.512855,0.209595,0.227966
1.743352,0.175386,0.558895,0.22045,0.236635
1.865479,0.265501,0.705341,0.323287,0.248475
1.889831,0.286763,0.730188,0.353024,0.246413
1.973119,0.367231,0.80274,0.452928,0.228309
2.004211,0.400165,0.825571,0.481565,0.217621
2.101156,0.51217,0.886726,0.499999,0.1727
2.193072,0.630691,0.933227,0.5,0.119571
2.222593,0.671046,0.945184,0.5,0.102643
2.280349,0.752679,0.964126,0.5,0.0722
2.336795,0.835224,0.977254,0.5,0.047467
2.364661,0.876739,0.982,0.5,0.037374
2.447351,1.001887,0.990761,0.5,0.015504
2.529316,1.127512,0.994056,0.5,0.003796
2.556573,1.16943,0.994435,0.5,0.001534
2.611061,1.253281,0.994577,0.5,-0.00127
2.665559,1.337126,0.994248,0.5,-0.00246
2.692821,1.37904,0.994002,0.5,-0.002658
2.747377,1.462847,0.993468,0.5,-0.002573
2.801977,1.546625,0.992972,0.5,-0.002142
2.829291,1.588505,0.992758,0.5,-0.001875
2.911281,1.714114,0.992277,0.5,-0.001087
2.993317,1.839693,0.992015,0.5,-0.000503
3.048021,1.923403,0.991928,0.5,-0.000268
3.130087,2.048963,0.991865,0.5,-0.000155
3.157444,2.090815,0.99185,0.5,-0.00018
3.21216,2.174518,0.991808,0.5,-0.00032
3.26688,2.258217,0.991732,0.5,-0.000581
3.294243,2.300065,0.991674,0.5,-0.000754
3.403732,2.467433,0.991245,0.5,-0.001651
3.458512,2.551095,0.990892,0.5,-0.002097
3.513324,2.634735,0.990456,0.5,-0.002348
3.623061,2.80194,0.989603,0.5,-0.00104
3.732863,2.969103,0.990006,0.5,0.006263
3.760285,3.010913,0.990632,0.5,0.009749
3.869448,3.178493,0.997586,0.5,0.033919
0.681963,0.025846,0.096491,0.247654,0.062247
1.153469,0.107986,0.268027,0.227361,0.114425
1.260607,0.140819,0.328305,0.219125,0.129968
1.492867,0.242444,0.506616,0.210259,0.171537
1.626451,0.328288,0.633774,0.26874,0.193092
1.74737,0.427139,0.731154,0.39356,0.192244
1.873533,0.549568,0.805055,0.499959,0.166464
1.97485,0.660155,0.851673,0.499999,0.131206
2.102943,0.813731,0.896334,0.499999,0.080087
2.225621,0.97168,0.921907,0.499999,0.040276
2.255755,1.011578,0.925935,0.499999,0.032834
2.34539,1.131851,0.93394,0.499999,0.016157
2.434336,1.252634,0.937684,0.499999,0.006427
2.582034,1.454339,0.939231,0.499999,-0.000155
2.670603,1.575399,0.939059,0.499999,-0.001115
2.78875,1.736772,0.938588,0.499999,-0.001116
1.270278,0.348248,0.554465,0.215079,0.111003
1.628254,0.626576,0.745967,0.453338,0.116833
1.731389,0.725287,0.779725,0.499999,0.102107
1.870869,0.868607,0.816491,0.499999,0.073941
1.972433,0.978988,0.8365,0.499999,0.05274
2.105032,1.128708,0.853956,0.499999,0.030091
2.397485,1.470712,0.868869,0.499999,0.005393
2.494257,1.585321,0.870161,0.499999,0.002502
2.689998,1.952025,0.778917,0.499997,0.016446
2.796495,2.057657,0.783623,0.499997,0.014341
0.513179,0.286049,0.741539,0.259876,0.09816
0.627819,0.396783,0.790238,0.272408,0.057315
0.666039,0.435808,0.801018,0.275053,0.043655
0.742397,0.515788,0.814378,0.278177,0.016303
0.799618,0.576654,0.817215,0.278715,-0.004249
0.856865,0.637517,0.813881,0.277824,-0.024858
0.914229,0.697725,0.804357,0.275716,-0.045544
0.971842,0.756686,0.78862,0.272835,-0.066292
0.991136,0.775976,0.78199,0.27184,-0.073208
1.088929,0.869235,0.738518,0.269201,-0.107274
1.236749,0.992825,0.650567,0.294601,-0.146517
1.260322,1.010495,0.635915,0.304332,-0.14987
1.397933,1.103953,0.559945,0.386091,-0.147482
1.62403,1.232664,0.483611,0.484673,-0.087258
2.545336,1.728663,0.587236,0.499955,0.123164
2.586784,1.756619,0.599552,0.499955,0.121372
2.70906,1.843465,0.63528,0.499957,0.114099
2.788863,1.903708,0.65783,0.499957,0.108711
2.828259,1.93449,0.668701,0.499958,0.106083
2.944464,2.02931,0.699787,0.499958,0.09903
2.98255,2.061699,0.70969,0.499959,0.097063
3.057765,2.127583,0.728929,0.499959,0.093829
3.0949,2.161058,0.738312,0.499959,0.092588
3.168229,2.229035,0.756732,0.499959,0.090906
3.240304,2.298341,0.77487,0.499959,0.090328
3.275868,2.33348,0.783903,0.499959,0.090464
3.515589,2.588373,0.849155,0.499958,0.099707
3.6446,2.741159,0.8907,0.499957,0.111877
3.736909,2.859367,0.925458,0.499956,0.124504
3.85302,3.022161,0.978326,0.499954,0.146044
3.984506,3.234684,1.0578,0.499947,0.179497
0.546957,0.306979,0.815039,0.284868,0.173112
0.865396,0.752918,1.058763,0.321223,0.098369
0.926493,0.866669,1.09616,0.325318,0.085623
0.984269,0.983871,1.128631,0.328944,0.073946
1.025642,1.073773,1.149974,0.331909,0.065564
1.039101,1.104113,1.156531,0.333072,0.062762
1.091589,1.227507,1.179895,0.339692,0.050787
1.142774,1.355171,1.198056,0.352722,0.035238
1.181395,1.455383,1.207057,0.370485,0.018053
1.235689,1.598973,1.20934,0.409944,-0.019195
1.265305,1.676775,1.204203,0.435652,-0.046896
1.281016,1.717409,1.199514,0.448568,-0.063429
1.390783,1.977194,1.131259,0.484088,-0.191172
0.786397,0.950489,1.166462,0.404199,0.044198
0.98696,1.821897,1.210834,0.459432,-0.122175
1.037586,1.948968,1.170887,0.448438,-0.155302
1.092387,2.070367,1.120934,0.434593,-0.188969
1.151734,2.184648,1.060894,0.418256,-0.222194
1.215739,2.290488,0.991067,0.4005,-0.253064
1.260968,2.355871,0.939529,0.38889,-0.270826
1.308223,2.416954,0.884605,0.378551,-0.284881
1.383047,2.50071,0.797731,0.368067,-0.295897
0.907544,1.929334,1.338261,0.499822,-0.088255
0.971298,2.170954,1.282771,0.499946,-0.146379
1.017189,2.313716,1.235098,0.499385,-0.184505
1.051821,2.407291,1.196876,0.496811,-0.211126
1.110417,2.543362,1.129459,0.486041,-0.252021
1.153898,2.629643,1.077696,0.473332,-0.278998
1.225084,2.749572,0.990131,0.446576,-0.31648
1.275809,2.82178,0.925735,0.424894,-0.337368
1.328432,2.887017,0.857406,0.401901,-0.352914
1.38236,2.945071,0.786304,0.38005,-0.361318
4.207266,3.777231,1.118872,0.116979,0.456838
0.440874,0.244977,0.857489,0.499336,0.482784
0.949778,2.30411,1.412551,0.499991,-0.100133
0.966551,2.402689,1.391435,0.499991,-0.122456
1.019556,2.646943,1.317604,0.49999,-0.188622
1.0614,2.790961,1.256406,0.49999,-0.235956
1.094594,2.885278,1.207523,0.499989,-0.270267
1.153718,3.02308,1.121103,0.499988,-0.323886
1.20011,3.111644,1.054551,0.499994,-0.358908
1.280961,3.23741,0.942044,0.489117,-0.404609
1.371736,3.347487,0.817306,0.44188,-0.433267
1.494035,3.457534,0.642599,0.369463,-0.433638
1.615081,3.533105,0.473469,0.347493,-0.399541
0.897821,2.15962,1.409437,0.499998,-0.012668
0.983871,2.652137,1.377891,0.499998,-0.068355
1.003738,2.750142,1.363143,0.499998,-0.09125
1.061906,2.993241,1.302336,0.499998,-0.175394
1.105742,3.136669,1.243002,0.499998,-0.245643
1.140311,3.230492,1.191252,0.499998,-0.299034
1.202368,3.366986,1.093203,0.499998,-0.382017
1.27906,3.495789,0.970941,0.499881,-0.453918
1.338593,3.574841,0.878353,0.469212,-0.485979
1.460677,3.696428,0.679757,0.375168,-0.501202
1.490434,3.71927,0.629637,0.360041,-0.496407
1.610303,3.789972,0.436326,0.342212,-0.455384
1.673933,3.816202,0.346646,0.35263,-0.426522
1.741981,3.837561,0.262905,0.370293,-0.394691
1.853805,3.86074,0.149515,0.402812,-0.34399
1.977315,3.87298,0.051508,0.435361,-0.292021
0.998416,2.997868,1.346701,0.499999,-0.092959
1.061159,3.239816,1.278008,0.499999,-0.217043
1.109478,3.381783,1.203063,0.499999,-0.318384
1.148455,3.473853,1.13582,0.499999,-0.38924
1.21981,3.60568,1.009212,0.496169,-0.481143
1.304026,3.720239,0.858647,0.422104,-0.532894
1.416514,3.82609,0.642988,0.343875,-0.536371
1.502198,3.880254,0.484635,0.335683,-0.506334
1.741878,3.957596,0.163053,0.408221,-0.389546
1.867438,3.970884,0.051844,0.445656,-0.33281
2.68439,3.844498,-0.26897,0.499949,-0.038408
0.785871,-0.068592,-0.126066,0.333649,0.013465
0.918103,-0.084856,-0.117271,0.331755,0.036266
0.951057,-0.088678,-0.113645,0.331012,0.042027
1.049526,-0.099241,-0.099296,0.328082,0.059506
1.147174,-0.108043,-0.07967,0.324023,0.07733
1.275486,-0.116163,-0.045101,0.316629,0.101739
1.40068,-0.119139,-0.000648,0.306637,0.126954
1.431343,-0.118964,0.012047,0.303688,0.133385
1.491745,-0.117423,0.039372,0.29721,0.146393
1.608125,-0.109315,0.101891,0.281848,0.172943
1.743019,-0.089408,0.195127,0.258449,0.2069
1.76832,-0.084135,0.215817,0.253384,0.213757
1.863316,-0.058946,0.305441,0.233489,0.24122
1.968644,-0.018456,0.43282,0.218389,0.274621
2.06618,0.035357,0.57609,0.241953,0.302295
2.086268,0.048842,0.606319,0.255383,0.306071
2.201317,0.143463,0.760745,0.382181,0.304579
2.228594,0.170231,0.791203,0.416931,0.298118
2.318946,0.270317,0.877584,0.499967,0.26177
2.41035,0.389204,0.950645,0.499999,0.203845
2.438991,0.430187,0.971029,0.499999,0.182497
2.493962,0.513717,1.005403,0.499999,0.140614
2.571837,0.641908,1.041853,0.499999,0.086211
2.646007,0.772284,1.063405,0.499999,0.046511
2.6702,0.816041,1.068056,0.499999,0.036602
2.694211,0.859898,1.071716,0.499999,0.028206
2.76552,0.991864,1.0782,0.499999,0.010768
2.789142,1.035932,1.079276,0.499999,0.007061
2.836283,1.124123,1.0804,0.499999,0.001974
2.906907,1.256457,1.080551,0.499999,-0.001585
2.954006,1.344671,1.080186,0.499999,-0.002324
3.024727,1.476952,1.079476,0.499999,-0.002245
3.095538,1.609186,1.078859,0.499999,-0.001639
3.142786,1.69732,1.078553,0.499999,-0.001218
3.213699,1.8295,1.07824,0.499999,-0.000744
3.260993,1.917609,1.078102,0.499999,-0.000573
3.284644,1.961661,1.078044,0.499999,-0.000534
3.331954,2.049762,1.077938,0.499999,-0.000544
3.379273,2.137858,1.077825,0.499999,-0.000661
3.402937,2.181903,1.077759,0.499999,-0.000754
3.473949,2.314029,1.077499,0.499999,-0.001112
3.497628,2.358067,1.077387,0.499999,-0.001233
3.521312,2.402102,1.077264,0.499999,-0.001337
3.616108,2.578208,1.07671,0.499999,-0.001202
1.041754,-0.041223,-0.000282,0.290138,0.074219
1.378408,-0.023255,0.119892,0.267472,0.13193
1.507758,-0.003163,0.190998,0.25283,0.157847
1.627518,0.02508,0.27527,0.235984,0.184781
1.736401,0.061477,0.373182,0.221747,0.212488
1.856449,0.117939,0.508907,0.229935,0.24465
1.985306,0.203867,0.661711,0.321436,0.263628
2.065417,0.271709,0.740546,0.412156,0.257619
2.095477,0.299906,0.766308,0.44461,0.251739
2.127119,0.331139,0.791482,0.473753,0.243605
2.193473,0.40166,0.839161,0.499999,0.220673
2.226464,0.43923,0.861229,0.499999,0.206457
2.29006,0.516394,0.900976,0.499999,0.174854
2.320758,0.55586,0.918462,0.499999,0.158424
2.380226,0.636251,0.948518,0.499999,0.126327
2.437513,0.718212,0.972276,0.499999,0.097121
2.465483,0.759657,0.981988,0.499999,0.084048
2.54733,0.885355,1.003738,0.499999,0.051729
2.574079,0.927598,1.008911,0.499999,0.043238
2.627006,1.012443,1.016816,0.499999,0.029372
2.679375,1.097633,1.022138,0.499999,0.019142
2.75728,1.225816,1.026756,0.499999,0.009123
2.808966,1.311423,1.028356,0.499999,0.005056
2.834766,1.354252,1.028862,0.499999,0.003596
2.912078,1.482793,1.029619,0.499999,0.00084
2.963586,1.568507,1.029734,0.499999,-7.6e-05
3.040848,1.697078,1.029635,0.499999,-0.00069
3.118131,1.825636,1.029406,0.499999,-0.000851
3.195447,1.954175,1.029149,0.499999,-0.000852
1.730324,0.295239,0.563706,0.271067,0.185778
1.885408,0.406933,0.67816,0.405257,0.192448
1.984384,0.491602,0.735085,0.485292,0.18162
2.020084,0.524474,0.753247,0.497456,0.1753
1.866656,0.746988,0.666108,0.387476,0.073003
1.994483,0.85054,0.694668,0.446148,0.068137
2.028661,0.879215,0.701482,0.456877,0.066551
2.098762,0.939241,0.714625,0.473662,0.063155
2.170398,1.002187,0.727081,0.485086,0.059651
2.206544,1.034538,0.733046,0.48915,0.057917
2.279099,1.100629,0.74446,0.494675,0.05458
2.351622,1.168175,0.755218,0.497571,0.051507
2.423786,1.236809,0.765378,0.49878,0.048776
2.459669,1.271453,0.770256,0.499017,0.047554
2.530979,1.341293,0.779655,0.499148,0.045417
2.566396,1.376465,0.784196,0.499139,0.044507
3.859904,2.953051,1.028655,0.494378,0.117819
3.980193,3.167558,1.093226,0.487515,0.147013
4.101057,3.430574,1.190964,0.475253,0.185001
2.996322,2.164438,0.73422,0.462186,0.032023
3.132624,2.28915,0.748436,0.461268,0.04167
3.266574,2.41576,0.766718,0.459912,0.052772
3.365061,2.512198,0.783475,0.458502,0.062263
0.947576,1.099469,1.15725,0.494299,0.036994
1.065216,1.372422,1.164778,0.495412,-0.021564
1.434917,2.319035,1.124498,0.499948,-0.154439
1.502891,2.452716,1.074759,0.499959,-0.188932
1.552154,2.539717,1.035788,0.499323,-0.212713
1.632372,2.665465,0.968407,0.490228,-0.248035
1.718977,2.781721,0.890692,0.466044,-0.279787
1.748788,2.817541,0.862714,0.454521,-0.28874
1.808992,2.883882,0.804188,0.427119,-0.302903
1.239518,2.043114,1.295068,0.499995,-0.035843
1.281203,2.187203,1.282466,0.499995,-0.05508
1.388866,2.520182,1.226763,0.499995,-0.118026
1.442086,2.660411,1.187757,0.499995,-0.15561
1.480929,2.752553,1.155221,0.499995,-0.184679
1.501536,2.798108,1.136753,0.499995,-0.200364
1.545433,2.887949,1.095043,0.499995,-0.233709
1.618938,3.018662,1.019672,0.499995,-0.286644
1.673751,3.102283,0.960585,0.499995,-0.321282
1.733679,3.182313,0.894712,0.499993,-0.352303
1.765646,3.220755,0.859482,0.496507,-0.365422
2.055352,3.464728,0.513717,0.337733,-0.370581
2.085067,3.480776,0.476659,0.331199,-0.360988
2.205611,3.532672,0.33898,0.330826,-0.313947
2.335637,3.569771,0.221372,0.353062,-0.260056
1.249045,2.421355,1.248737,0.499999,-0.02165
1.280914,2.516141,1.243907,0.499999,-0.03256
1.329856,2.65793,1.231939,0.499999,-0.057002
1.455424,2.984557,1.163706,0.499999,-0.167453
1.4966,3.07568,1.127945,0.499999,-0.214371
1.518508,3.120624,1.106508,0.499999,-0.239845
1.590727,3.252048,1.026598,0.499999,-0.319704
1.617293,3.294404,0.994627,0.499999,-0.345546
1.674677,3.376275,0.923093,0.499999,-0.391637
1.73762,3.452978,0.842899,0.471878,-0.425189
1.769754,3.487529,0.80038,0.445242,-0.435993
1.801449,3.518795,0.756781,0.417285,-0.442784
1.862556,3.571654,0.667918,0.367953,-0.445541
2.093967,3.697962,0.331909,0.325474,-0.369381
2.224051,3.732507,0.19293,0.358302,-0.309714
2.333174,3.748694,0.104711,0.386818,-0.262512
2.45164,3.756559,0.030736,0.413068,-0.214674
4.209622,3.794601,0.722343,0.072491,0.450913
0.309307,0.143035,0.794583,0.499999,0.766974
1.076766,2.193162,1.256754,0.499999,0.003131
1.184587,2.52614,1.257929,0.499999,-0.004047
1.343252,3.000272,1.223219,0.499999,-0.104392
1.396802,3.140377,1.185154,0.499999,-0.176892
1.436115,3.232319,1.146884,0.499999,-0.236616
1.50297,3.36655,1.066175,0.499999,-0.334379
1.582274,3.493784,0.956629,0.498522,-0.421068
1.611852,3.533909,0.914522,0.479437,-0.442695
1.671835,3.605082,0.824298,0.421153,-0.471611
1.784807,3.706798,0.632739,0.327455,-0.47894
1.865304,3.75753,0.491087,0.306255,-0.454577
1.979473,3.806021,0.316686,0.325768,-0.401686
2.112014,3.838118,0.16537,0.36923,-0.337933
2.225486,3.851274,0.069031,0.403843,-0.287207
0.744531,-0.088985,-0.196273,0.387444,-0.031271
0.78252,-0.0966,-0.1994,0.387926,-0.024489
1.351365,-0.208843,-0.164421,0.379466,0.079176
1.388824,-0.214906,-0.156503,0.37769,0.086457
1.50037,-0.230961,-0.128351,0.371215,0.10877
1.610249,-0.243259,-0.09343,0.362825,0.131845
1.752987,-0.252673,-0.035936,0.348205,0.163844
1.856103,-0.253789,0.015689,0.334362,0.18872
1.986393,-0.246682,0.096267,0.311937,0.222851
2.106082,-0.229604,0.190619,0.285892,0.257674
2.213146,-0.203078,0.298923,0.259911,0.292445
2.237869,-0.195062,0.328168,0.254345,0.30098
2.329686,-0.157402,0.453524,0.242665,0.333249
2.437168,-0.092909,0.626745,0.279676,0.362118
2.459518,-0.076099,0.662957,0.298218,0.36464
2.558944,0.014599,0.808437,0.412556,0.354077
2.586902,0.044933,0.843845,0.44602,0.344548
2.675545,0.155632,0.943037,0.499999,0.296573
2.758362,0.280646,1.02543,0.499999,0.228363
2.808318,0.367265,1.068706,0.499999,0.180901
2.831983,0.411309,1.086796,0.499999,0.158347
2.898838,0.545575,1.128085,0.499999,0.09949
2.920032,0.59086,1.138034,0.499999,0.083352
2.940812,0.636337,1.146369,0.499999,0.069025
3.001302,0.773597,1.163476,0.499999,0.036267
3.040602,0.865551,1.169941,0.499999,0.021793
3.098741,1.003825,1.174947,0.499999,0.008346
3.13723,1.096121,1.176334,0.499999,0.003331
3.156437,1.142285,1.176667,0.499999,0.001661
3.194825,1.234623,1.176875,0.499999,-0.000469
3.252413,1.373127,1.176573,0.499999,-0.001696
3.271622,1.41929,1.176404,0.499999,-0.001794
3.290838,1.46545,1.176224,0.499999,-0.001801
3.348537,1.603909,1.175705,0.499999,-0.001527
3.38704,1.696199,1.175412,0.499999,-0.001268
3.444839,1.834616,1.175067,0.499999,-0.000951
3.483396,1.926884,1.174884,0.499999,-0.000828
3.50268,1.973015,1.174801,0.499999,-0.000794
3.54126,2.065273,1.174644,0.499999,-0.000774
3.579854,2.157525,1.174488,0.499999,-0.000789
3.618463,2.249771,1.17433,0.499999,-0.000792
3.637773,2.295892,1.174251,0.499999,-0.000765
3.695723,2.434246,1.174044,0.499999,-0.000411
3.734369,2.526476,1.17399,0.499999,0.000251
3.792328,2.664826,1.174244,0.499999,0.002452
3.869442,2.849362,1.176084,0.499999,0.009419
1.513905,-0.158754,-0.034162,0.32955,0.120655
1.857921,-0.144273,0.135398,0.289791,0.195842
1.969242,-0.124544,0.218087,0.270811,0.225012
2.095224,-0.088892,0.337996,0.250927,0.261999
2.118786,-0.080262,0.364195,0.248844,0.269295
2.209699,-0.03973,0.476148,0.255194,0.296701
2.326688,0.032743,0.62981,0.323294,0.318881
2.352507,0.052198,0.661698,0.34794,0.319893
2.438121,0.125971,0.757242,0.438,0.311318
2.469478,0.156549,0.788374,0.467346,0.303754
2.567414,0.264436,0.876222,0.499999,0.266531
2.598901,0.303275,0.902875,0.499998,0.250392
2.687473,0.424294,0.972769,0.499998,0.197386
2.742166,0.508004,1.010468,0.499998,0.162316
2.818938,0.636854,1.054287,0.499998,0.115487
2.890888,0.768465,1.084986,0.499998,0.078261
2.959474,0.901862,1.105514,0.499998,0.05082
3.003903,0.99145,1.114959,0.499998,0.037288
3.112202,1.216772,1.128735,0.499998,0.016001
3.239528,1.48841,1.135073,0.499998,0.005075
3.344814,1.715158,1.136827,0.499998,0.001827
2.08534,0.165796,0.435398,0.276748,0.198694
2.213653,0.233826,0.538982,0.321978,0.217844
2.299093,0.288901,0.604913,0.377494,0.221812
2.329903,0.310712,0.627094,0.39989,0.221115
2.429859,0.388424,0.692755,0.462095,0.212129
2.465101,0.418311,0.713968,0.476825,0.207074
2.572385,0.517215,0.774269,0.498659,0.187742
2.607707,0.552414,0.793043,0.499951,0.180422
2.676584,0.624896,0.828375,0.499972,0.16527
2.899115,0.894832,0.928549,0.499977,0.115493
3.378867,1.655424,1.067275,0.499979,0.049215
3.49687,1.875804,1.090642,0.499979,0.04392
3.631963,2.143641,1.116547,0.499979,0.043323
3.739172,2.369469,1.138877,0.499979,0.047544
3.759994,2.414925,1.143632,0.499979,0.048926
3.860652,2.643746,1.169859,0.499978,0.058737
3.972487,2.922087,1.209389,0.499978,0.077401
4.00711,3.015896,1.225255,0.499978,0.085326
4.100872,3.300809,1.283149,0.499977,0.112963
2.082264,0.562467,0.550527,0.312067,0.116132
2.188518,0.631219,0.598324,0.326389,0.124615
2.215372,0.649771,0.610785,0.332259,0.126251
2.325937,0.731511,0.66193,0.366361,0.129113
2.35469,0.754215,0.674841,0.376818,0.128638
2.443894,0.82848,0.713085,0.405823,0.12424
2.505221,0.882869,0.737704,0.421077,0.119351
2.567322,0.940677,0.76129,0.432839,0.113491
2.62965,1.001429,0.783674,0.441607,0.107125
3.161794,1.626846,0.932978,0.46362,0.06274
1.804874,0.754337,0.621791,0.34765,0.050666
2.654339,1.469649,0.771652,0.411055,0.04532
2.683737,1.498379,0.776184,0.412072,0.044752
2.451264,2.724666,0.2736,0.393586,-0.015035
2.794889,2.822374,0.29079,0.331351,0.04293
2.920467,2.8612,0.30969,0.324948,0.054037
3.1637,2.945451,0.360061,0.318271,0.074676
3.396753,3.041873,0.427861,0.310971,0.098563
3.508196,3.095447,0.469315,0.30586,0.112365
3.615183,3.152836,0.516491,0.299369,0.127513
3.856281,3.312587,0.662984,0.274947,0.171119
3.976788,3.417388,0.772901,0.253016,0.200419
1.815297,2.584158,0.801385,0.499989,-0.219861
1.374321,1.898906,1.124409,0.499998,-0.035859
1.725506,2.561252,1.025252,0.499998,-0.10846
1.778336,2.646155,1.00271,0.499998,-0.126526
1.861531,2.770956,0.961438,0.499998,-0.161877
1.950474,2.891719,0.90862,0.499998,-0.205974
1.98162,2.930832,0.888023,0.499998,-0.221833
2.046444,3.006964,0.842062,0.499998,-0.253413
2.080209,3.043838,0.81672,0.499998,-0.268278
4.2208,3.810387,0.939643,0.019335,0.366244
1.874378,3.019606,1.007011,0.499999,-0.20916
1.92962,3.102952,0.96269,0.499999,-0.259114
1.988901,3.183471,0.908409,0.499999,-0.307007
2.020252,3.222419,0.877709,0.499999,-0.328249
2.086456,3.296948,0.810222,0.479131,-0.361452
4.216166,3.813151,0.718758,0.077658,0.392974
1.526001,2.653803,1.145362,0.499999,-0.019249
1.630897,2.880728,1.125934,0.499999,-0.078654
1.848682,3.273987,0.969254,0.499999,-0.315118
1.907888,3.354554,0.903488,0.499996,-0.366927
1.971458,3.429392,0.828058,0.455233,-0.403367
2.002913,3.462295,0.787722,0.42506,-0.414868
2.57362,3.716359,0.100791,0.379202,-0.230655
2.689617,3.724167,0.036371,0.403365,-0.182789
1.191709,-0.212269,-0.256694,0.446183,0.013148
1.664614,-0.32628,-0.201022,0.433949,0.097318
1.749604,-0.342722,-0.180733,0.429264,0.113948
1.875843,-0.363481,-0.143978,0.420359,0.139954
1.999918,-0.378734,-0.099286,0.40885,0.167319
2.08096,-0.385425,-0.064879,0.399535,0.186327
2.199132,-0.389716,-0.006048,0.382866,0.215937
2.237418,-0.389534,0.015546,0.376568,0.226075
2.348192,-0.383988,0.086457,0.355542,0.257171
2.451689,-0.370929,0.16678,0.331953,0.288995
2.576291,-0.342347,0.288782,0.300136,0.331554
2.659264,-0.313101,0.391359,0.28185,0.362207
2.685118,-0.301881,0.42758,0.278284,0.371827
2.806199,-0.231945,0.621931,0.298104,0.409452
2.854317,-0.194332,0.704215,0.331904,0.415433
2.904755,-0.147677,0.787281,0.382772,0.412381
2.931204,-0.12001,0.828519,0.413046,0.406499
2.986488,-0.054524,0.908893,0.472947,0.384379
3.042937,0.023969,0.984119,0.499999,0.348063
3.069887,0.066082,1.018925,0.499999,0.32555
3.11956,0.152853,1.081591,0.499999,0.27552
3.142446,0.197306,1.109143,0.499999,0.249523
3.184795,0.287886,1.156471,0.499999,0.19876
3.241327,0.426806,1.209102,0.499999,0.131959
3.275519,0.520776,1.23361,0.499999,0.096127
3.323272,0.662968,1.258079,0.499999,0.055899
3.353528,0.75828,1.268246,0.499999,0.037089
3.382987,0.853842,1.274926,0.499999,0.023493
3.397509,0.901686,1.277275,0.499999,0.018309
3.426277,0.997459,1.280509,0.499999,0.010526
3.469016,1.141241,1.282874,0.499999,0.003648
3.497381,1.237134,1.283465,0.499999,0.001205
3.52571,1.333037,1.283627,0.499999,-0.000162
3.568204,1.476892,1.28347,0.499999,-0.001008
3.596553,1.572789,1.283259,0.499999,-0.001136
3.624923,1.66868,1.283033,0.499999,-0.0011
3.639116,1.716623,1.282923,0.499999,-0.001051
3.667517,1.812505,1.282718,0.499999,-0.00093
3.710153,1.956318,1.282459,0.499999,-0.000735
3.738595,2.052187,1.282318,0.499999,-0.000597
3.781281,2.195985,1.282164,0.499999,-0.000306
3.852447,2.435642,1.282206,0.499999,0.000974
3.880897,2.531509,1.28245,0.499999,0.0021
1.859353,-0.2754,-0.072909,0.382446,0.136662
1.972971,-0.281297,-0.02962,0.372437,0.159821
2.324146,-0.260274,0.167616,0.324146,0.245078
2.447508,-0.232989,0.271112,0.303295,0.281603
2.560253,-0.194544,0.389187,0.292784,0.317337
2.69335,-0.126613,0.555715,0.322287,0.353279
2.776574,-0.068416,0.6629,0.37857,0.362121
2.805985,-0.044583,0.699112,0.403798,0.361408
2.900079,0.043872,0.806379,0.480527,0.344719
2.932732,0.079122,0.840851,0.494868,0.334053
2.996566,0.155406,0.906373,0.499999,0.306468
3.08367,0.277465,0.993398,0.499997,0.255837
3.229673,0.539305,1.120911,0.499997,0.155615
3.367202,0.861042,1.203294,0.499997,0.075708
3.745628,1.999593,1.270554,0.499997,0.008003
3.862652,2.382089,1.277606,0.499997,0.011393
3.976074,2.765665,1.290652,0.499997,0.025066
4.094034,3.199904,1.325411,0.499997,0.059836
1.140995,-0.034175,-0.024108,0.379519,0.031977
1.254739,-0.036344,-0.013628,0.378551,0.040947
2.55717,0.146895,0.413431,0.321404,0.217257
2.58646,0.160127,0.435157,0.320608,0.223068
2.672292,0.203628,0.503704,0.323141,0.238506
2.784269,0.272664,0.601293,0.343397,0.250305
2.812339,0.292443,0.626324,0.351879,0.250864
2.926517,0.384235,0.725864,0.390717,0.241931
2.955423,0.410521,0.750057,0.399864,0.237291
3.013236,0.467005,0.79698,0.416468,0.22601
3.042003,0.497119,0.819582,0.423863,0.219629
3.07059,0.528413,0.841544,0.430657,0.212912
3.154744,0.62879,0.903318,0.447702,0.191707
3.498446,1.187202,1.111696,0.484998,0.106389
3.620122,1.453162,1.169312,0.490383,0.083038
3.745999,1.773606,1.221475,0.493403,0.064858
3.762735,1.820021,1.22796,0.493655,0.06296
3.857303,2.100985,1.263441,0.494589,0.054832
3.886717,2.195437,1.274323,0.49474,0.053292
3.968958,2.480702,1.305727,0.494859,0.051952
3.981798,2.528493,1.310923,0.494835,0.052196
4.018811,2.672241,1.326707,0.494689,0.053716
4.095916,3.009593,1.36636,0.49385,0.061691
2.228513,0.394284,0.395292,0.366447,0.116284
2.48984,0.518927,0.499616,0.356549,0.149492
2.671645,0.629481,0.595639,0.354369,0.173615
2.814991,0.736221,0.68501,0.365414,0.183321
2.843076,0.759598,0.703342,0.369323,0.18313
2.926495,0.83438,0.757907,0.381822,0.177969
2.953991,0.860872,0.775704,0.38584,0.174967
3.264158,1.230978,0.957738,0.417955,0.122473
3.380066,1.406508,1.014902,0.424383,0.102861
3.424168,1.479141,1.035128,0.426259,0.096107
3.549131,1.70351,1.088402,0.430222,0.079628
1.801449,0.510196,0.463216,0.401567,0.064982
1.873055,0.546544,0.476265,0.40135,0.066145
2.049674,0.641442,0.510192,0.400392,0.070974
2.222298,0.7422,0.547092,0.39868,0.07859
2.422805,0.87115,0.597225,0.395121,0.091149
2.674861,1.057115,0.676862,0.385988,0.109875
2.734377,1.106025,0.699024,0.382654,0.113362
2.792258,1.155813,0.721826,0.378998,0.115581
2.875875,1.232034,0.756607,0.373749,0.115751
2.929535,1.283875,0.779676,0.371276,0.113759
3.032479,1.39032,0.82418,0.369204,0.106403
3.196681,2.413205,0.751052,0.29378,0.003631
3.387063,2.592457,0.762711,0.288022,0.024821
3.428583,2.632337,0.767918,0.28735,0.029702
3.510607,2.712558,0.781291,0.285918,0.03973
1.625299,0.798719,0.727026,0.499982,0.092133
1.735977,0.899948,0.754658,0.499982,0.092754
1.843797,1.004216,0.782781,0.499982,0.096344
2.65263,2.079456,1.03219,0.499983,-0.023762
2.704163,2.165152,1.025737,0.499992,-0.057521
2.783141,2.292528,1.003675,0.494563,-0.103854
2.809926,2.334104,0.99329,0.486147,-0.117154
2.863244,2.413834,0.968678,0.455302,-0.139061
2.914607,2.486383,0.940046,0.409459,-0.153444
2.939008,2.519264,0.924702,0.385138,-0.157635
3.027395,2.629298,0.860905,0.307448,-0.157719
3.047616,2.652457,0.845133,0.294474,-0.154625
3.143397,2.752784,0.772366,0.260857,-0.129485
3.277631,2.873207,0.695012,0.25834,-0.084479
3.379239,2.954672,0.659366,0.26371,-0.051554
1.858327,2.692309,0.915512,0.499999,-0.086764
1.983133,2.848573,0.876013,0.499999,-0.126089
2.081466,2.961829,0.833478,0.499999,-0.176199
2.105995,3.135851,0.89628,0.5,-0.260739
2.204378,3.249019,0.810977,0.483442,-0.325425
1.583488,-0.331125,-0.274776,0.49876,0.042572
2.016585,-0.440278,-0.20808,0.490195,0.115994
2.112519,-0.459352,-0.183972,0.485347,0.134418
2.20789,-0.475754,-0.156132,0.479061,0.15379
2.34919,-0.494559,-0.106953,0.466652,0.184717
2.441655,-0.502741,-0.068928,0.456211,0.206601
2.57658,-0.50776,-0.003529,0.437052,0.241262
2.620282,-0.507387,0.020598,0.429717,0.253271
2.705346,-0.503461,0.072473,0.413682,0.277887
2.825986,-0.489551,0.159624,0.386784,0.315977
2.936709,-0.466234,0.258286,0.358478,0.354679
3.03648,-0.43406,0.368517,0.333299,0.392531
3.15363,-0.377708,0.532531,0.318964,0.436961
3.259649,-0.301622,0.712078,0.352528,0.463017
3.285793,-0.277978,0.75838,0.371259,0.464329
3.312143,-0.251828,0.804813,0.394017,0.462749
3.36574,-0.190607,0.896873,0.447335,0.449274
3.392861,-0.155038,0.941801,0.473282,0.436737
3.446236,-0.074505,1.027494,0.499999,0.399951
3.516168,0.058106,1.140256,0.499999,0.323969
3.57238,0.197121,1.229116,0.499999,0.241214
3.603665,0.292092,1.274741,0.499999,0.190221
3.617796,0.340053,1.293763,0.499999,0.167035
3.631069,0.388258,1.310466,0.499999,0.14563
3.666734,0.533947,1.34848,0.499999,0.092595
3.687913,0.631677,1.365594,0.499999,0.066178
3.717148,0.778798,1.382348,0.499999,0.037929
3.735525,0.877095,1.389245,0.499999,0.025181
3.76211,1.024719,1.3954,0.499999,0.012697
3.779441,1.123206,1.397657,0.499999,0.007564
3.796599,1.221723,1.398983,0.499999,0.004188
3.822166,1.369527,1.399906,0.499999,0.001319
3.83916,1.468072,1.400113,0.499999,0.000338
3.856143,1.56662,1.40015,0.499999,-0.000192
3.864634,1.615893,1.400131,0.499999,-0.000342
3.881622,1.71444,1.400053,0.499999,-0.00049
3.898618,1.812984,1.399953,0.499999,-0.000502
3.924131,1.960798,1.399813,0.499999,-0.000364
3.975195,2.25642,1.39975,0.499999,0.000425
3.983705,2.30569,1.399793,0.499999,0.000664
4.093224,2.946395,1.405551,0.499999,0.013092
2.349309,-0.369007,-0.040529,0.431893,0.166359
2.435268,-0.371045,-0.006371,0.423789,0.184288
2.681742,-0.358091,0.118545,0.392759,0.243046
2.796346,-0.340112,0.194604,0.37471,0.274751
2.938112,-0.30378,0.31098,0.353105,0.317876
3.036275,-0.266906,0.409491,0.345412,0.348734
3.159745,-0.202436,0.55436,0.362058,0.381619
3.282765,-0.112113,0.709578,0.424657,0.39236
3.31443,-0.083821,0.748814,0.445729,0.389606
3.34648,-0.052849,0.787775,0.466102,0.384304
3.442105,0.05501,0.900499,0.498881,0.354422
3.739514,0.629273,1.241806,0.499993,0.159876
3.784694,0.772292,1.286291,0.499993,0.126554
3.859106,1.062862,1.349007,0.499993,0.077977
3.869914,1.111679,1.356804,0.499993,0.071874
3.900253,1.258574,1.376725,0.499993,0.056327
3.918996,1.3568,1.387554,0.499993,0.047965
3.969869,1.652444,1.411432,0.499994,0.030262
3.977729,1.701822,1.414459,0.499994,0.028174
4.00048,1.850084,1.422364,0.499994,0.023074
4.015044,1.949017,1.426844,0.499994,0.020526
4.029189,2.04801,1.430844,0.499994,0.01857
4.088524,2.494071,1.44579,0.499994,0.015882
4.094718,2.543685,1.447379,0.499994,0.016141
4.106868,2.642943,1.450644,0.499994,0.016983
4.12446,2.791905,1.455924,0.499994,0.019059
4.206613,3.688022,1.511023,0.499993,0.045227
1.389333,-0.057503,-0.041668,0.448064,0.030427
1.523579,-0.062451,-0.03159,0.447174,0.04006
1.612943,-0.06491,-0.023242,0.446397,0.046872
1.746703,-0.067039,-0.008108,0.444895,0.057797
2.570092,-0.008992,0.18148,0.416614,0.157041
2.770107,0.036284,0.267209,0.399794,0.193935
2.808563,0.047214,0.286603,0.395869,0.201773
2.920198,0.083885,0.349525,0.383279,0.225781
3.025586,0.126453,0.419662,0.370383,0.249592
3.092084,0.158145,0.470339,0.362568,0.264439
3.155525,0.192547,0.523909,0.356382,0.277514
3.273891,0.270128,0.637883,0.353168,0.293923
3.383263,0.361702,0.755629,0.365845,0.290589
3.409523,0.387172,0.784688,0.370777,0.286583
3.435381,0.413744,0.813346,0.376093,0.281559
3.510474,0.500152,0.895978,0.393097,0.26194
3.534629,0.531163,0.922172,0.398794,0.254365
3.604193,0.6305,0.996095,0.415053,0.23018
4.08715,2.205919,1.430458,0.480016,0.048852
4.100121,2.301061,1.440046,0.480388,0.045316
2.441013,0.296359,0.295843,0.436179,0.11222
2.565078,0.336518,0.330945,0.431478,0.126961
2.725667,0.396451,0.384979,0.423206,0.149224
2.803394,0.429316,0.415423,0.41807,0.161359
2.98817,0.520265,0.502454,0.402043,0.193345
3.057547,0.560163,0.54176,0.394446,0.205937
3.155951,0.623654,0.605308,0.38227,0.222849
3.275683,0.71474,0.696988,0.366763,0.237144
3.330553,0.762932,0.744547,0.36097,0.238663
3.500463,0.947516,0.906622,0.361696,0.215245
3.543945,1.005583,0.949115,0.366106,0.203904
3.625235,1.129177,1.027078,0.376449,0.179784
3.68145,1.228006,1.079217,0.384067,0.161999
3.840923,1.587266,1.217313,0.402668,0.11182
2.100647,0.469827,0.381864,0.46304,0.069649
2.228903,0.522916,0.403307,0.461954,0.075443
2.355605,0.57871,0.426632,0.460445,0.082705
2.480446,0.637371,0.45229,0.458364,0.091513
2.56245,0.678155,0.470921,0.456555,0.098271
2.683263,0.741968,0.501514,0.452979,0.109737
3.058315,0.978204,0.631557,0.426467,0.15623
3.158569,1.055251,0.679797,0.410437,0.169428
3.221019,1.107508,0.714057,0.396758,0.176434
3.279485,1.160007,0.749612,0.380926,0.181127
3.333698,1.21233,0.785964,0.364273,0.182852
3.383704,1.264247,0.822501,0.349827,0.181443
1.932186,0.635015,0.505185,0.492288,0.058033
2.145838,0.757247,0.534129,0.49224,0.058412
2.314066,0.859444,0.557868,0.491785,0.061404
2.520399,0.992742,0.589852,0.490331,0.068593
2.988297,1.337858,0.688002,0.470923,0.100673
3.024525,1.367944,0.698069,0.466608,0.10394
3.1291,1.45853,0.730219,0.448443,0.113438
3.162339,1.488631,0.741563,0.440276,0.116338
3.256027,1.577507,0.777235,0.408398,0.123395
1.875367,0.866754,0.637002,0.499987,0.036078
2.035302,0.986828,0.650691,0.499987,0.031662
2.193673,1.108959,0.662985,0.499987,0.029668
2.773833,1.584116,0.712318,0.499987,0.042198
2.811605,1.616875,0.716538,0.499987,0.044152
2.924041,1.716154,0.730419,0.499987,0.050724
3.034987,1.817097,0.746357,0.499984,0.058028
3.144196,1.919916,0.764506,0.499013,0.065328
3.180098,1.954574,0.771039,0.494642,0.067573
3.54874,2.749803,0.784412,0.234723,0.033186
3.290277,2.768651,0.782212,0.279285,-0.087433
3.385872,2.859925,0.743652,0.248965,-0.06118
3.51348,2.973172,0.712119,0.240333,-0.023767
3.62286,3.06669,0.705663,0.239119,0.007305
3.748874,3.175336,0.721493,0.234885,0.042963
2.687434,-0.548084,-0.086998,0.499987,0.195249
2.837166,-0.556552,-0.024003,0.499986,0.241114
3.036991,-0.551105,0.082965,0.499985,0.314043
3.185623,-0.531406,0.183315,0.499982,0.376667
3.283152,-0.50944,0.26084,0.499977,0.420748
3.378548,-0.479567,0.347207,0.499982,0.464827
3.515378,-0.418683,0.492934,0.497872,0.525048
3.640313,-0.338091,0.655168,0.492953,0.56619
3.678531,-0.306965,0.711787,0.492408,0.572709
3.749299,-0.238464,0.826507,0.494907,0.570922
3.781769,-0.201123,0.883599,0.497593,0.561566
3.866758,-0.078019,1.046923,0.499999,0.499732
3.932139,0.056844,1.18775,0.499999,0.404525
3.980043,0.198907,1.29881,0.499999,0.302509
4.004056,0.295967,1.356104,0.499999,0.240088
4.023077,0.394132,1.401287,0.499999,0.185561
4.044545,0.542573,1.45,0.499999,0.120467
4.055442,0.641975,1.472358,0.499999,0.087761
4.064429,0.741569,1.488562,0.499999,0.062507
4.075472,0.89116,1.504394,0.499999,0.035976
4.081765,0.990961,1.510947,0.499999,0.024131
4.087516,1.090795,1.515316,0.499999,0.015737
4.09025,1.14072,1.51689,0.499999,0.012557
4.095519,1.240581,1.519139,0.499999,0.007771
4.100609,1.340451,1.520517,0.499999,0.004586
4.108058,1.490266,1.521573,0.499999,0.001811
4.112962,1.590145,1.521879,0.499999,0.000819
4.117844,1.690026,1.52201,0.499999,0.000249
4.125156,1.839847,1.522038,0.499999,-0.000124
4.130031,1.939728,1.522009,0.499999,-0.000184
4.13491,2.039609,1.521972,0.499999,-0.000154
2.562686,-0.410945,-0.080403,0.499938,0.14184
2.712398,-0.41969,-0.035022,0.49993,0.170968
2.912332,-0.41948,0.039882,0.499703,0.2159
3.301386,-0.365977,0.249336,0.472674,0.324586
3.39159,-0.339837,0.315702,0.460584,0.353441
3.477513,-0.308348,0.3878,0.449387,0.381184
3.518781,-0.290565,0.425918,0.44487,0.394164
3.709156,-0.179616,0.633736,0.446075,0.439574
3.74451,-0.15242,0.677694,0.45264,0.442565
3.846241,-0.058663,0.810255,0.480056,0.434747
3.995611,0.136246,1.017397,0.499988,0.374857
4.08811,0.313379,1.1576,0.499984,0.309013
4.125446,0.406127,1.217742,0.499985,0.276116
4.171614,0.548801,1.295864,0.499986,0.230073
4.196572,0.645625,1.340462,0.499987,0.202373
4.207493,0.694416,1.360699,0.499987,0.189511
4.217457,0.743411,1.37965,0.499987,0.177314
4.242166,0.891342,1.429448,0.499987,0.144633
4.254843,0.990529,1.45741,0.499988,0.125918
4.2691,1.139839,1.492686,0.499988,0.101958
4.275904,1.239603,1.512378,0.499988,0.088405
4.280875,1.339476,1.529446,0.499988,0.076536
4.28542,1.4894,1.550831,0.499988,0.061449
4.286813,1.589388,1.562681,0.499988,0.052936
4.287105,1.689384,1.572883,0.499988,0.045469
4.285811,1.839374,1.585528,0.499988,0.035918
4.283986,1.939355,1.592431,0.499988,0.03047
4.280086,2.0893,1.600839,0.499988,0.023407
4.276854,2.189245,1.60531,0.499988,0.019302
4.273215,2.289177,1.60898,0.499988,0.015585
4.26716,2.439051,1.613142,0.499988,0.01058
4.262825,2.538954,1.615103,0.499988,0.007532
4.258325,2.63885,1.616463,0.499988,0.004649
4.25139,2.788686,1.617442,0.499988,0.000533
4.246725,2.888575,1.617415,0.499988,-0.002125
4.24209,2.988465,1.616859,0.499988,-0.004746
4.235306,3.138308,1.615046,0.499988,-0.008623
4.230972,3.238212,1.613194,0.499988,-0.011153
4.226848,3.338124,1.61084,0.499988,-0.013593
4.221163,3.488013,1.606416,0.499988,-0.016944
4.217774,3.587953,1.602928,0.499988,-0.018866
4.21339,3.737885,1.597019,0.499988,-0.021248
1.747352,-0.085223,-0.046311,0.499918,0.034848
1.847244,-0.089496,-0.039015,0.499917,0.041502
1.997139,-0.094368,-0.025498,0.499916,0.052441
2.097101,-0.096383,-0.014615,0.499914,0.060496
2.944348,-0.046109,0.162526,0.499579,0.167787
3.042588,-0.02828,0.196996,0.497743,0.186363
3.187508,0.004998,0.255868,0.490226,0.216577
3.327235,0.046558,0.324039,0.476143,0.248883
3.416134,0.07892,0.374914,0.463235,0.270841
3.500697,0.114888,0.430168,0.447846,0.292303
3.580204,0.154231,0.489652,0.430471,0.31225
3.61787,0.175067,0.520877,0.421266,0.321257
3.75353,0.265019,0.653795,0.384524,0.346397
3.783641,0.28893,0.688434,0.376508,0.349009
3.865569,0.363804,0.793223,0.360667,0.346492
3.890421,0.389939,0.827872,0.358791,0.342507
4.123886,0.771943,1.18822,0.407244,0.240975
4.165961,0.888283,1.257705,0.422469,0.213224
4.293416,1.686557,1.524667,0.470008,0.089015
4.298101,1.827786,1.549941,0.472901,0.075067
4.299375,1.922436,1.564523,0.474413,0.066594
2.341339,0.169631,0.167806,0.499954,0.07218
2.439799,0.187052,0.182637,0.499953,0.080321
3.069302,0.346365,0.330215,0.499938,0.162136
3.163338,0.380334,0.363508,0.499945,0.179787
3.209903,0.398528,0.381487,0.499969,0.189073
3.301973,0.437523,0.420256,0.499664,0.20839
3.479728,0.52638,0.509591,0.488209,0.248196
3.522046,0.550723,0.534411,0.481758,0.257826
3.64126,0.627727,0.614473,0.452988,0.283669
3.745769,0.708337,0.701562,0.412263,0.30112
3.806011,0.762409,0.762097,0.382776,0.30579
3.858825,0.815969,0.823255,0.358207,0.304347
3.905309,0.86925,0.883849,0.34189,0.297703
4.065159,1.124362,1.129473,0.342802,0.236693
4.261323,2.048592,1.517596,0.406627,0.083544
4.266335,2.170754,1.541415,0.409277,0.071346
4.26867,2.29373,1.561679,0.41133,0.060161
2.672521,0.601595,0.348207,0.499992,0.067266
2.952102,0.710287,0.396685,0.499992,0.102792
3.043924,0.749885,0.417995,0.499992,0.118309
3.179851,0.81329,0.456082,0.499991,0.145177
3.312977,0.882375,0.502627,0.499991,0.175805
3.399729,0.9321,0.538867,0.499992,0.197508
3.484506,0.985121,0.57946,0.499987,0.219178
3.52604,1.012955,0.601378,0.499995,0.229586
3.646446,1.101965,0.673129,0.490584,0.256517
3.754494,1.195129,0.751961,0.436021,0.272178
3.78593,1.225342,0.779179,0.412075,0.274172
3.97878,1.465084,1.018051,0.293639,0.242698
4.228519,2.407461,1.503142,0.346197,0.079892
4.235785,2.546273,1.532902,0.349515,0.065508
4.238762,2.651284,1.551539,0.351424,0.055493
4.239944,2.756862,1.567231,0.352928,0.04605
2.788651,1.054393,0.463481,0.499997,0.045501
2.922332,1.122428,0.478826,0.499997,0.063618
3.05475,1.192886,0.500151,0.499997,0.087302
3.09852,1.217055,0.508881,0.499997,0.096489
3.185361,1.266635,0.52916,0.499997,0.116693
3.271072,1.318142,0.553589,0.499997,0.138939
3.31342,1.344724,0.567483,0.499997,0.150574
3.396907,1.39976,0.598775,0.499997,0.174059
3.478495,1.457572,0.634729,0.499998,0.196335
3.518463,1.487614,0.654363,0.499998,0.206342
3.633094,1.581417,0.718782,0.462453,0.22847
4.205641,3.208673,1.536761,0.30331,0.035238
4.20662,3.238988,1.540284,0.303578,0.033088
4.209568,3.360524,1.552274,0.304459,0.024945
4.211257,3.482395,1.561133,0.305076,0.017705
2.566745,1.296077,0.545475,0.499999,0.012041
2.69482,1.374158,0.549857,0.499999,0.020571
2.822441,1.452978,0.557205,0.499999,0.033422
2.90713,1.506154,0.564433,0.499999,0.044943
3.033272,1.587319,0.580003,0.499999,0.067132
3.198895,1.699413,0.612277,0.499999,0.104813
3.280105,1.757761,0.634264,0.499999,0.125265
3.35989,1.818041,0.660312,0.499999,0.144629
3.399157,1.848994,0.674775,0.5,0.153223
3.511593,1.943329,0.722861,0.448362,0.17171
1.988057,1.198851,0.63033,0.499999,-0.000695
2.10924,1.287251,0.630147,0.499999,-0.000425
2.230436,1.375634,0.63006,0.499999,6.7e-05
2.351632,1.464017,0.630169,0.499999,0.001136
2.472801,1.552436,0.630696,0.499999,0.003316
2.513177,1.581928,0.631028,0.499999,0.004412
2.553542,1.611435,0.631469,0.499999,0.005746
2.674527,1.700106,0.633705,0.499999,0.011523
2.795228,1.789162,0.637994,0.499999,0.020695
2.915414,1.878913,0.645434,0.499999,0.033953
3.034736,1.969808,0.657263,0.499999,0.051138
3.152729,2.06242,0.674524,0.499999,0.070461
3.268831,2.15739,0.697516,0.49937,0.08808
3.306963,2.189633,0.706324,0.484306,0.09276
3.410635,2.280597,0.735241,0.405715,0.102126
3.517436,2.381098,0.776887,0.309465,0.105789
1.640243,-0.168082,-0.134569,0.499999,-0.001167
2.086161,-0.228548,-0.134558,0.499999,0.00215
2.234812,-0.248613,-0.133653,0.499999,0.005174
2.333927,-0.261883,-0.132467,0.499999,0.008554
2.482642,-0.281475,-0.129169,0.499999,0.016933
2.581832,-0.294178,-0.125381,0.499999,0.025751
2.68108,-0.306414,-0.119659,0.499999,0.038224
2.830117,-0.323363,-0.105669,0.499999,0.066353
2.929629,-0.333219,-0.091141,0.499999,0.093403
3.029296,-0.341348,-0.070803,0.499999,0.128846
3.179098,-0.348793,-0.025488,0.499999,0.200817
3.76467,-0.24862,0.459364,0.499998,0.660288
3.851083,-0.198445,0.594116,0.499998,0.706111
3.965528,-0.101923,0.807734,0.499998,0.703259
3.998786,-0.064602,0.87806,0.499998,0.682572
4.10502,0.104216,1.131582,0.499999,0.537201
4.142707,0.196794,1.234625,0.499999,0.448931
4.208277,0.488987,1.44225,0.499999,0.218487
4.214145,0.538641,1.464099,0.499999,0.189421
4.235455,1.137981,1.571832,0.499999,0.021521
4.235147,1.237981,1.575703,0.499999,0.013599
4.234528,1.337978,1.578128,0.499999,0.008248
4.233266,1.487973,1.580057,0.499999,0.003486
4.232308,1.587968,1.580655,0.499999,0.00173
2.24374,-0.159479,-0.085416,0.499998,0.005448
2.34338,-0.167952,-0.084197,0.499998,0.008288
2.443033,-0.176275,-0.082354,0.499998,0.012342
2.592549,-0.188304,-0.077818,0.499998,0.021711
2.692264,-0.19585,-0.073047,0.499998,0.031031
2.79202,-0.202824,-0.066255,0.499998,0.043696
2.841917,-0.206026,-0.061885,0.499998,0.051564
2.941756,-0.211673,-0.050667,0.499998,0.071001
3.041661,-0.215998,-0.035283,0.499998,0.096263
3.191625,-0.218931,-0.001675,0.499998,0.147353
3.491011,-0.203046,0.122337,0.499998,0.303549
3.540537,-0.196192,0.152692,0.499998,0.335675
3.918757,-0.07278,0.510194,0.499998,0.562889
4.003065,-0.019126,0.623886,0.499875,0.578967
4.080654,0.043844,0.739576,0.499978,0.571489
4.212132,0.194005,0.95999,0.499988,0.506391
4.265289,0.278656,1.059028,0.49999,0.460402
4.329774,0.413965,1.189851,0.499991,0.3873
4.36338,0.508123,1.264913,0.499992,0.339957
4.401457,0.653148,1.360216,0.499992,0.27502
4.419708,0.751455,1.413257,0.499993,0.236813
4.438176,0.900284,1.47916,0.499993,0.187518
4.442284,0.950114,1.497912,0.499993,0.173148
4.445493,1.000009,1.515227,0.499993,0.15975
4.449483,1.099925,1.54593,0.499993,0.135686
4.450639,1.199914,1.571991,0.499993,0.114943
4.450292,1.249911,1.583485,0.499993,0.105692
4.447988,1.349882,1.603767,0.499993,0.089191
4.443819,1.449792,1.62087,0.499993,0.07505
4.441129,1.499719,1.628375,0.499993,0.068758
4.434703,1.59951,1.641544,0.499993,0.057533
4.427073,1.699217,1.65255,0.499993,0.047884
4.413803,1.848626,1.665652,0.499993,0.03582
4.403984,1.948141,1.672467,0.499993,0.029065
4.393553,2.047594,1.677973,0.499993,0.023122
4.377024,2.196678,1.684108,0.499993,0.015376
4.36557,2.296019,1.686949,0.499993,0.010785
4.353879,2.395331,1.688889,0.499993,0.006506
4.336087,2.54427,1.690227,0.499993,0.000432
4.324173,2.643557,1.690116,0.499993,-0.003531
3.148228,0.096257,0.080461,0.499998,0.08834
3.878922,0.249226,0.41255,0.499997,0.399892
3.924314,0.270183,0.452539,0.492795,0.416736
4.00951,0.316082,0.537222,0.453051,0.439747
4.115881,0.389182,0.670619,0.389912,0.448121
4.49492,1.23034,1.476225,0.467977,0.194806
4.50427,1.371681,1.531773,0.479941,0.166467
4.506444,1.467963,1.564181,0.486034,0.149056
4.504231,1.614469,1.606444,0.492609,0.125074
4.499498,1.713031,1.630714,0.495467,0.110425
4.492482,1.811978,1.652104,0.497311,0.096764
4.47827,1.960657,1.679209,0.498701,0.077937
4.466718,2.059748,1.694209,0.499075,0.066364
4.453786,2.158731,1.706929,0.499236,0.055462
4.358949,2.75035,1.741293,0.499381,-0.00109
4.333608,2.898005,1.739659,0.499372,-0.014125
3.068624,0.423609,0.183828,0.499999,0.058455
3.649821,0.569886,0.349049,0.499999,0.263749
3.742824,0.6066,0.404059,0.499998,0.308243
3.877707,0.672085,0.502505,0.492446,0.363436
3.997585,0.746718,0.615098,0.42067,0.392576
4.090401,0.820646,0.733658,0.352078,0.395495
4.33478,1.193658,1.221217,0.345944,0.277847
4.346176,1.226321,1.249002,0.352575,0.267943
4.384714,1.36592,1.350354,0.377559,0.229575
4.406027,1.478833,1.416481,0.393562,0.202476
4.420861,1.597349,1.474642,0.406862,0.17704
4.429497,1.720219,1.525345,0.417606,0.153344
4.432035,1.804006,1.555263,0.423505,0.138513
3.523881,0.918762,0.396954,0.499999,0.197506
3.615296,0.959282,0.438536,0.499999,0.23917
3.660306,0.981052,0.462454,0.499999,0.259555
3.74858,1.028011,0.516299,0.5,0.296586
3.872726,1.106097,0.609639,0.446477,0.33458
3.971663,1.182688,0.711818,0.361668,0.347541
4.023071,1.230195,0.781301,0.318974,0.34528
4.045325,1.253044,0.815828,0.303274,0.341821
4.324054,1.946763,1.454382,0.355089,0.15814
4.33405,2.05375,1.499831,0.364047,0.138471
4.339619,2.163577,1.539494,0.371307,0.119934
2.679286,0.938543,0.381397,0.499999,0.005903
2.911109,1.032124,0.387199,0.499999,0.02354
3.414346,1.253715,0.464957,0.499999,0.154559
3.503,1.299968,0.497715,0.499999,0.191707
3.589908,1.349422,0.537902,0.499999,0.227862
3.632552,1.375526,0.560689,0.499999,0.244226
3.754291,1.458471,0.638064,0.449746,0.28038
3.852057,1.537411,0.724037,0.359233,0.294449
3.902581,1.584758,0.782989,0.310899,0.294124
2.356329,1.060399,0.476801,0.499999,-0.001301
2.445181,1.106281,0.476557,0.499999,-0.00087
2.578474,1.175077,0.476447,0.499999,0.001115
2.711749,1.243908,0.477188,0.499999,0.006031
2.889249,1.336069,0.481445,0.499999,0.020794
3.284248,1.551557,0.530357,0.499999,0.113431
3.327235,1.577093,0.5417,0.499999,0.128813
3.412224,1.629783,0.569037,0.499999,0.160278
3.536488,1.713767,0.62159,0.499902,0.202478
3.615203,1.77261,0.663168,0.456663,0.221982
3.683556,1.828468,0.708218,0.394802,0.233051
3.740095,1.879181,0.755101,0.337309,0.236932
2.215358,1.219792,0.56271,0.499999,-0.001166
2.426853,1.353095,0.562052,0.499999,-0.001199
2.934108,1.673547,0.56977,0.499999,0.029003
3.060009,1.755087,0.580676,0.499999,0.052975
3.307352,1.924805,0.628568,0.499999,0.119924
3.387509,1.984589,0.65365,0.499998,0.140863
3.464771,2.045529,0.682684,0.459138,0.156541
3.500167,2.074772,0.698338,0.43001,0.162045
3.615238,2.177709,0.765054,0.319539,0.170815
3.465499,2.41288,0.741218,0.330454,0.096283
3.512324,2.456564,0.760558,0.292127,0.097577
3.289373,-0.256772,-0.039463,0.499999,0.16515
3.389343,-0.258977,-0.002861,0.499999,0.241093
4.10331,0.025653,0.928362,0.499998,0.710036
4.2961,0.939161,1.574458,0.499999,0.06084
4.295765,0.989159,1.580542,0.499999,0.050134
1.848584,-0.068996,-0.044759,0.499999,-0.000408
1.998433,-0.075719,-0.044941,0.499999,-0.001061
2.098331,-0.080223,-0.04518,0.499999,-0.00164
2.198228,-0.084756,-0.045541,0.499999,-0.002319
2.947377,-0.120439,-0.047113,0.499999,0.015933
3.047274,-0.124971,-0.043206,0.499999,0.032115
3.147195,-0.128942,-0.03568,0.499999,0.056523
3.297142,-0.132814,-0.013637,0.499999,0.113406
3.841821,-0.075274,0.301539,0.499999,0.533268
4.107086,0.06116,0.661135,0.499969,0.63808
4.329733,0.327947,1.073905,0.499993,0.495055
4.446712,0.656534,1.361477,0.499994,0.304958
4.464553,0.754914,1.420143,0.499994,0.259784
3.446398,0.151488,0.092632,0.499999,0.131904
3.981558,0.268487,0.399425,0.485416,0.452232
4.105476,0.330978,0.53975,0.416928,0.489463
4.231045,0.423588,0.736344,0.360444,0.484454
4.463695,2.309986,1.74841,0.49993,0.039513
4.445653,2.408331,1.755794,0.499931,0.029251
4.330975,2.997184,1.759193,0.499931,-0.027621
3.513747,0.492415,0.20845,0.499999,0.151878
3.896102,0.607645,0.406153,0.499873,0.367116
3.984853,0.649756,0.481554,0.456734,0.40268
4.094731,0.715769,0.605509,0.371914,0.426951
4.342493,0.996389,1.088202,0.320262,0.345489
4.483359,1.57904,1.512904,0.430186,0.1808
4.487448,1.709226,1.564522,0.441659,0.155022
3.065516,0.705371,0.249233,0.499999,0.019587
3.403558,0.796008,0.283828,0.499999,0.106726
3.499236,0.825082,0.307212,0.499999,0.149405
3.733812,0.911232,0.406863,0.499999,0.276025
3.868815,0.976481,0.496586,0.482138,0.339636
3.910807,1.000167,0.53055,0.454902,0.354401
3.984982,1.047255,0.602549,0.392751,0.373385
4.095135,1.135327,0.753704,0.299605,0.37771
2.564724,0.818412,0.341333,0.499999,-0.003012
2.800359,0.901935,0.340122,0.499999,7.7e-05
3.270833,1.071184,0.360441,0.499999,0.06916
3.410561,1.125726,0.386068,0.499999,0.121638
3.502713,1.164551,0.412486,0.499999,0.164714
3.638464,1.228313,0.468816,0.499999,0.233615
3.848239,1.351772,0.604734,0.422023,0.315227
3.882573,1.376309,0.636257,0.389571,0.32268
3.988836,1.465494,0.767262,0.288631,0.328804
3.167961,1.33455,0.440767,0.5,0.051252
3.609149,1.569116,0.566112,0.499999,0.226256
3.761256,1.675883,0.6644,0.389788,0.26936
3.791616,1.700328,0.691336,0.358651,0.27388
3.865649,1.766732,0.77407,0.284844,0.276387
4.22595,2.896696,1.539434,0.312766,0.063549
4.228031,2.990735,1.55738,0.31499,0.052464
3.396487,1.775238,0.578467,0.5,0.145891
3.520139,1.860126,0.626721,0.482958,0.187672
3.628378,1.943242,0.685862,0.393711,0.211835
3.733142,2.036371,0.772399,0.288801,0.219136
3.49061,2.177776,0.699074,0.400405,0.148171
3.521066,2.203768,0.713891,0.37129,0.151627
3.619321,2.294052,0.775523,0.280713,0.155348
3.508293,2.519171,0.753676,0.278219,0.087041
3.166414,2.720737,0.779873,0.499997,-0.097198
2.652222,2.165933,1.073785,0.200538,-0.142727
3.061419,2.686126,0.778046,0.499996,-0.142374
3.133619,2.75531,0.750607,0.499996,-0.12122
3.965794,3.473969,0.795687,0.499998,0.225867
2.878685,2.512165,0.904497,0.499997,-0.187558
3.007943,2.664727,0.83277,0.499998,-0.162281
3.111452,2.77327,0.786652,0.499998,-0.135735
2.663088,2.280746,1.039834,0.231315,-0.203583
2.744965,2.403433,0.932466,0.39972,-0.224473
2.96001,2.649651,0.78392,0.499995,-0.180475
2.897114,2.640144,0.829809,0.499997,-0.218031
2.669112,2.39808,0.957455,0.304523,-0.245269
2.759211,2.512774,0.859247,0.456092,-0.238974
2.891913,2.652713,0.768509,0.499998,-0.201206
1.02303,0.882489,0.9852,0.499999,0.131679
1.15332,1.095774,1.06558,0.499999,0.205801
1.221673,1.229264,1.131248,0.499999,0.240482
1.262021,1.320752,1.179901,0.499999,0.247215
1.280498,1.367211,1.204623,0.499999,0.243212
1.31404,1.461404,1.252292,0.499963,0.217827
1.381043,1.702126,1.334893,0.49787,0.064743
2.198937,2.593981,0.202259,0.097231,0.047696
2.336953,2.626865,0.262347,0.261361,0.091718
2.573316,2.70025,0.335362,0.473344,0.116451
0.674356,0.387071,0.818226,0.499999,0.146826
1.023979,0.811245,0.941337,0.499999,0.141393
1.136604,0.976474,1.007985,0.499999,0.21236
1.162832,1.019042,1.029221,0.499999,0.231616
1.257285,1.195231,1.132429,0.499999,0.294457
1.37205,1.525219,1.333716,0.499962,0.21784
1.383263,1.573941,1.3555,0.499984,0.181873
1.34808,1.475131,0.746172,0.499999,-0.574495
1.385749,1.508,0.688722,0.49999,-0.656386
1.506573,1.588091,0.467435,0.418896,-0.893171
1.405609,2.147847,-0.795847,-0.199999,0.977008
1.39094,2.16143,-0.698146,-0.199999,1.023286
1.357872,2.183807,-0.48978,-0.195784,1.086636
2.712963,2.7321,0.379232,0.499999,0.200577
2.434228,2.622398,0.252299,0.491084,0.209357
1.79368,2.692773,1.666357,-0.082447,1.078197
1.824955,2.619792,2.202476,-0.199999,1.001358
1.851606,2.590049,2.398041,-0.199999,0.900059
2.419464,2.463754,1.084365,0.454508,-0.872356
2.442435,2.502955,0.997129,0.486273,-0.790849
2.470413,2.542712,0.918044,0.499554,-0.706029
2.565811,2.621737,0.233278,0.499943,0.271873
1.859346,2.704517,1.574117,-0.086935,1.110421
1.884694,2.627886,2.125721,-0.199999,1.02634
2.557868,2.586856,0.798879,0.499998,-0.51324
0.788641,0.477509,0.834087,0.499998,0.077014
1.020283,0.739879,0.845624,0.499997,-0.054257
1.369095,1.097697,0.729204,0.499314,-0.179246
1.517125,1.220609,0.653853,0.423659,-0.197823
1.68387,1.334881,0.537725,0.224288,-0.179572
1.735896,1.364169,0.485662,0.153852,-0.161097
1.259417,1.066878,0.790963,0.499997,-0.191466
1.440771,1.23252,0.683888,0.443031,-0.238924
1.590013,1.341002,0.563349,0.258548,-0.234895
3.179203,2.773123,0.814474,0.499999,-0.113357
1.232464,1.1077,0.753807,0.499997,-0.222146
3.335101,2.899659,0.799256,0.499999,-0.084391
0.903307,0.571713,0.81338,0.499998,0.007708
1.145677,0.824195,0.786634,0.499997,-0.091857
3.457135,3.006866,0.911405,0.5,-0.004465
3.54911,3.125359,0.910064,0.5,-0.003721
3.641216,3.24375,0.909404,0.5,0.002621
3.733257,3.362191,0.911604,0.5,0.019806
3.824682,3.481109,0.920471,0.5,0.053044
3.914389,3.601324,0.941113,0.5,0.103941
4.00061,3.724057,0.978399,0.5,0.166125
4.081006,3.850669,1.034452,0.5,0.226899
4.030805,3.828116,0.685568,0.5,0.322673
1.37173,2.150801,0.726979,0.5,-0.076024
0.761561,1.717106,0.780862,0.499999,-0.235259
0.722445,2.296449,0.523301,0.5,-0.217391
0.042739,0.736535,1.580766,0.494543,0.13012
0.282042,2.374218,0.781936,0.440044,-0.472576
0.313986,2.404477,0.734678,0.463695,-0.460659
0.469597,2.52144,0.562725,0.499999,-0.363666
0.783206,2.675706,0.37792,0.499999,-0.140759
1.018069,2.761303,0.329178,0.499999,-0.045911
-0.051213,1.570751,1.710627,0.499971,-0.110965
-0.069411,1.719624,1.671743,0.499967,-0.167588
-0.082672,1.969127,1.567976,0.498784,-0.269357
-0.079661,2.068593,1.511961,0.492582,-0.312493
-0.070805,2.166142,1.447272,0.480066,-0.356414
0.174131,2.709465,0.779171,0.451967,-0.544645
0.243163,2.770558,0.671417,0.487811,-0.51516
0.410001,2.878077,0.481587,0.499999,-0.393002
0.454758,2.90036,0.442287,0.499999,-0.355201
0.688118,2.989466,0.301829,0.499999,-0.178137
0.784087,3.017555,0.269053,0.499999,-0.124097
1.417183,3.164499,0.214908,0.499999,0.001627
1.514878,3.185844,0.215335,0.499999,0.003263
0.168835,3.11809,0.671427,0.494147,-0.599271
0.208421,3.147654,0.6115,0.499998,-0.575406
0.337864,3.223117,0.448536,0.499999,-0.469637
0.429837,3.262287,0.358804,0.499999,-0.384803
0.719232,3.339949,0.188204,0.499999,-0.161028
0.817739,3.357141,0.158711,0.499999,-0.110003
1.065386,3.391253,0.12171,0.499999,-0.032774
1.164683,3.40309,0.116022,0.499999,-0.017104
3.596633,3.697038,0.200608,0.499999,0.198375
3.645529,3.707487,0.220446,0.499999,0.229364
-0.125479,2.65517,1.643729,0.499996,-0.308713
-0.129612,2.755066,1.579161,0.499995,-0.366716
-0.106475,3.003504,1.363642,0.499994,-0.531128
-0.063692,3.147084,1.194343,0.499993,-0.627798
0.173961,3.462368,0.643483,0.499999,-0.681878
0.214953,3.490981,0.575295,0.499999,-0.65207
0.442002,3.593577,0.291117,0.499999,-0.427966
0.587941,3.627889,0.177023,0.499999,-0.289467
2.835565,3.700222,0.017907,0.499999,0.00483
2.935547,3.702068,0.019165,0.499999,0.011493
3.035526,3.704111,0.021936,0.499999,0.022107
3.185475,3.707992,0.030888,0.499999,0.048581
3.28541,3.711597,0.041849,0.499999,0.075612
3.385284,3.716578,0.058664,0.499999,0.111969
-0.048072,2.969891,1.626542,0.499998,-0.299819
-0.050109,3.019847,1.59656,0.499998,-0.33841
0.028352,3.45877,1.129353,0.499998,-0.74155
0.175585,3.658805,0.736283,0.499999,-0.798519
3.921912,3.816908,0.292895,0.499999,0.485881
0.156341,3.705808,0.914441,0.499999,-0.872964
0.262286,3.811393,0.653885,0.499999,-0.830135
0.533354,3.934564,0.230604,0.499999,-0.502613
0.881082,3.966163,-0.009232,0.499999,-0.16806
2.825088,3.8161,-0.082155,0.499999,0.006191
0.675231,2.068962,0.66487,0.499999,-0.296138
1.014674,4.056829,-0.013002,0.499998,-0.226435
1.064658,4.055613,-0.035645,0.499998,-0.19946
1.164501,4.050118,-0.073098,0.499998,-0.153123
1.493497,2.363784,0.483719,0.499998,-0.041352
0.483141,2.634275,0.793226,0.466421,-0.42143
0.433611,3.046121,0.841229,0.441481,-0.488282
0.436732,3.455814,0.869659,0.480225,-0.561547
0.745046,4.060775,0.470739,0.484968,-0.590352
1.865141,4.055549,-0.283139,0.499989,-0.103784
1.642389,0.526624,0.786383,0.395448,0.16721
2.545151,1.693158,0.939257,0.5,-0.001601
0.747827,1.925383,1.056011,0.35626,-0.265396
4.091866,3.863033,1.119004,0.340099,0.420691
0.762383,2.413861,1.041511,0.378521,-0.326183
0.845884,2.537085,0.906255,0.36662,-0.352942
0.842629,2.986765,0.906572,0.396287,-0.413579
0.975346,3.124443,0.698458,0.374321,-0.408461
0.575791,2.189113,1.587844,0.499992,-0.076201
0.574875,2.289106,1.571552,0.499992,-0.097706
0.922362,3.491148,0.80001,0.418012,-0.49415
0.645649,3.117748,1.458373,0.499999,-0.126419
0.75364,3.604392,1.189103,0.499999,-0.472089
0.871517,3.816759,0.923699,0.434015,-0.591542
1.263066,4.070655,0.252951,0.438525,-0.456557
1.985174,4.05372,-0.214646,0.499974,-0.16107
2.32323,3.963498,-0.294791,0.499976,-0.055478
1.885537,0.366764,0.7856,0.386612,0.236179
1.912544,0.394428,0.809218,0.420437,0.230171
2.034246,0.534423,0.895384,0.5,0.183326
2.346294,0.98697,1.008455,0.5,0.026524
1.238315,2.888084,0.954463,0.438727,-0.337894
1.30062,3.374795,0.897551,0.472649,-0.426857
1.391657,3.475189,0.76733,0.408059,-0.442558
3.519923,3.728109,-0.014842,0.44758,0.24703
0.895274,2.668676,1.384137,0.499999,-0.010817
0.984771,3.109653,1.342276,0.499999,-0.121674
1.103358,3.491112,1.16368,0.499999,-0.374532
1.223829,3.706705,0.945243,0.449775,-0.510128
2.450716,3.94532,-0.213696,0.499941,-0.089575
2.936806,3.828525,-0.231869,0.499935,0.068644
2.169091,0.208413,0.793119,0.382373,0.298137
2.25265,0.301418,0.880295,0.480795,0.269879
