traj_id,t,step,x,y,theta,v,omega
0,0.0000,0,1.603326,3.428404,0.505795,0.115681,-2.000000
0,0.1000,1,1.613936,3.432963,0.305795,0.213609,-2.000000
0,0.2000,2,1.634812,3.437321,0.105795,0.241621,-2.000000
0,0.3000,3,1.658933,3.437461,-0.094205,0.263683,-2.000000
0,0.4000,4,1.684763,3.432380,-0.294205,0.343604,-1.940638
0,0.5000,5,1.716477,3.419298,-0.488269,0.405159,-1.532076
0,0.6000,6,1.750666,3.397631,-0.641476,0.454502,-1.306646
0,0.7000,7,1.785203,3.368136,-0.772141,0.493772,-0.863544
0,0.8000,8,1.819047,3.332203,-0.858495,0.496075,-0.607139
0,0.9000,9,1.850310,3.293697,-0.919209,0.500000,-0.461628
0,1.0000,10,1.879705,3.253255,-0.965372,0.495657,-0.525648
0,1.1000,11,1.906829,3.211776,-1.017937,0.495979,-0.258662
0,1.2000,12,1.932325,3.169235,-1.043803,0.471510,-0.003713
0,1.3000,13,1.956032,3.128477,-1.044174,0.488461,-0.038142
0,1.4000,14,1.980502,3.086202,-1.047988,0.478002,0.195554
0,1.5000,15,2.004773,3.045023,-1.028433,0.500000,0.342135
0,1.6000,16,2.031308,3.002649,-0.994219,0.498052,0.308545
0,1.7000,17,2.059100,2.961321,-0.963365,0.500000,0.308338
0,1.8000,18,2.088266,2.920711,-0.932531,0.451548,0.292189
0,1.9000,19,2.115695,2.884844,-0.903312,0.500000,0.176029
0,2.0000,20,2.146990,2.845850,-0.885709,0.500000,0.157617
0,2.1000,21,2.178931,2.807382,-0.869948,0.500000,0.066699
0,2.2000,22,2.211301,2.769275,-0.863278,0.461536,0.092942
0,2.3000,23,2.241461,2.734340,-0.853984,0.483574,0.201772
0,2.4000,24,2.273597,2.698206,-0.833806,0.494120,0.059387
0,2.5000,25,2.306914,2.661715,-0.827868,0.482948,-0.012347
0,2.6000,26,2.339561,2.626126,-0.829102,0.499695,-0.105352
0,2.7000,27,2.373122,2.589106,-0.839638,0.500000,0.063005
0,2.8000,28,2.406626,2.551991,-0.833337,0.476264,-0.216747
0,2.9000,29,2.438266,2.516395,-0.855012,0.500000,-0.061224
0,3.0000,30,2.470960,2.478565,-0.861134,0.488756,-0.150488
0,3.1000,31,2.502527,2.441251,-0.876183,0.500000,-0.277533
0,3.2000,32,2.533994,2.402397,-0.903936,0.495928,-0.529996
0,3.3000,33,2.563621,2.362634,-0.956936,0.500000,-0.319127
0,3.4000,34,2.591766,2.321310,-0.988849,0.500000,-0.471502
0,3.5000,35,2.618254,2.278908,-1.035999,0.500000,-0.449722
0,3.6000,36,2.642761,2.235331,-1.080971,0.500000,-0.498238
0,3.7000,37,2.665176,2.190642,-1.130795,0.462561,-0.343825
0,3.8000,38,2.684155,2.148462,-1.165177,0.454095,-0.448929
0,3.9000,39,2.701131,2.106349,-1.210070,0.490768,-0.463108
0,4.0000,40,2.717383,2.060046,-1.256381,0.500000,-0.294901
0,4.1000,41,2.732143,2.012276,-1.285871,0.489360,-0.166197
0,4.2000,42,2.745508,1.965201,-1.302491,0.489124,-0.044461
0,4.3000,43,2.758369,1.918010,-1.306937,0.500000,-0.254380
0,4.4000,44,2.770794,1.869579,-1.332375,0.460649,-0.238648
0,4.5000,45,2.781138,1.824692,-1.356240,0.500000,-0.067464
0,4.6000,46,2.791619,1.775803,-1.362986,0.494318,0.142277
0,4.7000,47,2.802162,1.727509,-1.348758,0.474296,-0.094401
0,4.8000,48,2.812388,1.681195,-1.358199,0.490545,0.067034
0,4.9000,49,2.822899,1.633280,-1.351495,0.486723,-0.048626
0,5.0000,50,2.833372,1.585748,-1.356358,0.467815,0.118310
0,5.1000,51,2.843597,1.540098,-1.344527,0.500000,-0.013481
0,5.2000,52,2.854782,1.491365,-1.345875,0.500000,-0.075465
0,5.3000,53,2.865749,1.442583,-1.353421,0.490255,0.225646
0,5.4000,54,2.876861,1.394834,-1.330857,0.500000,0.280844
1,0.0000,0,2.639763,1.497928,0.030417,0.500000,0.858868
1,0.1000,1,2.689613,1.501592,0.116303,0.473523,0.593609
1,0.2000,2,2.736455,1.508479,0.175664,0.476122,0.708433
1,0.3000,3,2.783001,1.518453,0.246508,0.500000,0.663408
1,0.4000,4,2.831049,1.532253,0.312848,0.460375,0.678872
1,0.5000,5,2.874338,1.547897,0.380736,0.488285,0.221086
1,0.6000,6,2.919465,1.566541,0.402844,0.500000,0.234557
1,0.7000,7,2.965229,1.586681,0.426300,0.491668,0.178757
1,0.8000,8,3.009811,1.607411,0.444176,0.500000,0.177004
1,0.9000,9,3.054767,1.629295,0.461876,0.472492,0.190305
1,1.0000,10,3.096862,1.650751,0.480906,0.500000,-0.146327
1,1.1000,11,3.141359,1.673555,0.466274,0.483004,-0.221727
1,1.2000,12,3.184740,1.694789,0.444101,0.500000,-0.177641
1,1.3000,13,3.230078,1.715870,0.426337,0.484277,-0.021977
1,1.4000,14,3.274193,1.735848,0.424139,0.500000,-0.166295
1,1.5000,15,3.319932,1.756045,0.407510,0.500000,0.026031
1,1.6000,16,3.365812,1.775921,0.410113,0.477333,-0.199721
1,1.7000,17,3.409774,1.794514,0.390141,0.500000,-0.043404
1,1.8000,18,3.456058,1.813430,0.385800,0.500000,-0.022233
2,0.0000,0,3.602733,0.516883,3.596254,0.073018,-2.000000
2,0.1000,1,3.595897,0.514351,3.396254,0.116069,-2.000000
2,0.2000,2,3.584447,0.512566,3.196254,0.212046,-2.000000
2,0.3000,3,3.563300,0.513526,2.996254,0.190461,-2.000000
2,0.4000,4,3.544855,0.518144,2.796254,0.312530,-2.000000
2,0.5000,5,3.516697,0.531584,2.596254,0.381173,-1.773964
2,0.6000,6,3.486028,0.554135,2.418858,0.391924,-1.799915
2,0.7000,7,3.459119,0.582557,2.238866,0.466272,-1.143801
2,0.8000,8,3.432389,0.620731,2.124486,0.454677,-0.787492
2,0.9000,9,3.410027,0.660306,2.045737,0.468047,-0.907217
2,1.0000,10,3.390541,0.702844,1.955015,0.485673,-0.422577
2,1.1000,11,3.373292,0.748241,1.912758,0.475933,-0.169837
2,1.2000,12,3.357714,0.793212,1.895774,0.479594,-0.153450
2,1.3000,13,3.342751,0.838777,1.880429,0.500000,-0.145732
2,1.4000,14,3.327863,0.886508,1.865856,0.500000,-0.157395
2,1.5000,15,3.313700,0.934460,1.850116,0.500000,0.120020
2,1.6000,16,3.299627,0.982438,1.862118,0.487665,0.267728
2,1.7000,17,3.284997,1.028957,1.888891,0.500000,0.290500
2,1.8000,18,3.268671,1.076215,1.917941,0.500000,0.325601
2,1.9000,19,3.250898,1.122947,1.950501,0.500000,0.145581
2,2.0000,20,3.232028,1.169249,1.965059,0.500000,0.272791
2,2.1000,21,3.212195,1.215146,1.992338,0.498163,0.222731
2,2.2000,22,3.191307,1.260370,2.014611,0.500000,0.254586
2,2.3000,23,3.169265,1.305248,2.040070,0.497299,0.094373
2,2.4000,24,3.146567,1.349495,2.049507,0.482851,0.031548
2,2.5000,25,3.124257,1.392317,2.052662,0.500000,0.115904
2,2.6000,26,3.100829,1.436489,2.064252,0.500000,-0.025368
2,2.7000,27,3.077201,1.480554,2.061716,0.460683,0.012795
2,2.8000,28,3.055457,1.521167,2.062995,0.500000,0.226897
2,2.9000,29,3.031331,1.564960,2.085685,0.500000,-0.014988
2,3.0000,30,3.006742,1.608496,2.084186,0.497209,0.036278
2,3.1000,31,2.982244,1.651763,2.087814,0.492902,-0.180096
2,3.2000,32,2.958267,1.694828,2.069804,0.482041,0.122444
3,0.0000,0,2.502961,2.643309,3.742999,0.359307,-1.775835
3,0.1000,1,2.471690,2.625709,3.565416,0.398729,-1.502244
3,0.2000,2,2.434252,2.612098,3.415191,0.405083,-1.463520
3,0.3000,3,2.394590,2.604041,3.268839,0.468428,-1.224409
3,0.4000,4,2.347878,2.600952,3.146398,0.454856,-0.972736
3,0.5000,5,2.302454,2.602944,3.049125,0.465972,-0.580532
3,0.6000,6,2.256207,2.608591,2.991072,0.464799,-0.521344
3,0.7000,7,2.210455,2.616755,2.938937,0.500000,-0.300830
3,0.8000,8,2.161637,2.627554,2.908854,0.483428,-0.201512
3,0.9000,9,2.114713,2.639177,2.888703,0.500000,-0.053499
3,1.0000,10,2.066337,2.651817,2.883353,0.495527,0.509014
3,1.1000,11,2.018126,2.663247,2.934255,0.465817,0.766246
3,1.2000,12,1.972220,2.671081,3.010879,0.438277,1.028749
3,1.3000,13,1.928549,2.674550,3.113754,0.478778,0.620916
3,1.4000,14,1.880679,2.674397,3.175846,0.438241,0.733884
3,1.5000,15,1.836975,2.671291,3.249234,0.462460,0.872580
3,1.6000,16,1.791271,2.664324,3.336492,0.438569,0.905974
3,1.7000,17,1.748688,2.653894,3.427090,0.500000,0.970962
3,1.8000,18,1.701470,2.637507,3.524186,0.482298,0.934090
3,1.9000,19,1.657633,2.617440,3.617595,0.487799,0.704190
3,2.0000,20,1.615098,2.593580,3.688014,0.467011,0.810023
3,2.1000,21,1.576223,2.567724,3.769016,0.482214,0.642805
3,2.2000,22,1.538123,2.538180,3.833296,0.457344,0.834836
3,2.3000,23,1.504158,2.507573,3.916780,0.465156,0.455786
3,2.4000,24,1.471685,2.474273,3.962359,0.454606,0.783430
3,2.5000,25,1.442030,2.439832,4.040702,0.500000,0.857390
3,2.6000,26,1.412630,2.399408,4.126441,0.495033,0.505197
3,2.7000,27,1.386308,2.357489,4.176960,0.500000,0.469329
3,2.8000,28,1.361816,2.313904,4.223893,0.449138,0.654995
3,2.9000,29,1.342052,2.273581,4.289393,0.446380,0.647892
3,3.0000,30,1.325059,2.232313,4.354182,0.493984,0.534183
3,3.1000,31,1.308984,2.185609,4.407600,0.482046,0.808036
3,3.2000,32,1.296391,2.139092,4.488404,0.492930,0.651581
3,3.3000,33,1.287015,2.090708,4.553562,0.498820,0.870433
3,3.4000,34,1.281278,2.041173,4.640605,0.482953,0.833781
3,3.5000,35,1.279825,1.992913,4.723983,0.479617,0.638605
3,3.6000,36,1.281911,1.945005,4.787844,0.487322,0.630361
3,3.7000,37,1.287113,1.896560,4.850880,0.470979,0.603721
3,3.8000,38,1.295019,1.850137,4.911252,0.438706,0.632350
3,3.9000,39,1.305039,1.807434,4.974487,0.462856,0.535039
3,4.0000,40,1.318222,1.763071,5.027991,0.500000,0.419178
3,4.1000,41,1.334733,1.715880,5.069909,0.482447,0.546501
3,4.2000,42,1.352843,1.671169,5.124559,0.500000,0.389915
3,4.3000,43,1.373761,1.625759,5.163550,0.491388,0.268918
3,4.4000,44,1.395778,1.581830,5.190442,0.485216,0.095289
3,4.5000,45,1.418305,1.538855,5.199971,0.500000,0.122183
4,0.0000,0,2.824995,1.911786,1.935156,0.478047,0.240003
4,0.1000,1,2.807426,1.956244,1.959156,0.456643,0.315557
4,0.2000,2,2.789470,1.998228,1.990712,0.500000,0.267953
4,0.3000,3,2.768477,2.043605,2.017507,0.500000,0.210274
4,0.4000,4,2.746404,2.088468,2.038535,0.500000,0.169463
4,0.5000,5,2.723484,2.132905,2.055481,0.494355,0.205255
4,0.6000,6,2.700003,2.176407,2.076006,0.492685,-0.053603
4,0.7000,7,2.676273,2.219584,2.070646,0.500000,0.344734
4,0.8000,8,2.651557,2.263045,2.105120,0.480218,0.110204
4,0.9000,9,2.626874,2.304238,2.116140,0.485640,0.089503
4,1.0000,10,2.601498,2.345644,2.125090,0.500000,0.010949
4,1.1000,11,2.575157,2.388143,2.126185,0.493416,0.013989
4,1.2000,12,2.549112,2.430051,2.127584,0.487278,0.065619
4,1.3000,13,2.523225,2.471334,2.134146,0.477338,0.020489
4,1.4000,14,2.497693,2.511665,2.136195,0.500000,0.259895
4,1.5000,15,2.470360,2.553531,2.162184,0.460619,0.100964
4,1.6000,16,2.444487,2.591640,2.172281,0.485794,0.072091
4,1.7000,17,2.416854,2.631594,2.179490,0.470131,0.228015
4,1.8000,18,2.389534,2.669853,2.202291,0.491411,0.176433
5,0.0000,0,2.864616,2.338048,3.526613,0.331824,-2.000000
5,0.1000,1,2.832825,2.328734,3.326613,0.391272,-1.834358
5,0.2000,2,2.793923,2.325093,3.143177,0.429617,-1.686626
5,0.3000,3,2.751159,2.328640,2.974514,0.418657,-1.442432
5,0.4000,4,2.710520,2.338550,2.830271,0.444992,-1.130406
5,0.5000,5,2.669020,2.354544,2.717230,0.471767,-0.808681
5,0.6000,6,2.626859,2.375685,2.636362,0.485553,-0.640575
5,0.7000,7,2.585152,2.400530,2.572305,0.498407,-0.278202
5,0.8000,8,2.543551,2.427976,2.544485,0.480057,-0.217779
5,0.9000,9,2.504149,2.455398,2.522707,0.498312,-0.025044
5,1.0000,10,2.463597,2.484357,2.520202,0.498683,0.029818
5,1.1000,11,2.423007,2.513328,2.523184,0.479585,0.123976
5,1.2000,12,2.383759,2.540889,2.535582,0.480202,0.236001
5,1.3000,13,2.343971,2.567773,2.559182,0.496167,0.214329
5,1.4000,14,2.302245,2.594618,2.580615,0.475975,0.474538
5,1.5000,15,2.261357,2.618975,2.628068,0.500000,0.602483
5,1.6000,16,2.217092,2.642211,2.688317,0.500000,0.582853
5,1.7000,17,2.171529,2.662784,2.746602,0.500000,0.625997
5,1.8000,18,2.124807,2.680568,2.809202,0.491091,0.686264
5,1.9000,19,2.077873,2.694987,2.877828,0.481502,0.840121
5,2.0000,20,2.030915,2.705575,2.961840,0.465126,0.856682
5,2.1000,21,1.984852,2.711921,3.047508,0.480023,1.055154
5,2.2000,22,1.936913,2.713904,3.153024,0.456685,0.636469
5,2.3000,23,1.891295,2.711929,3.216671,0.464212,0.820417
5,2.4000,24,1.845199,2.706553,3.298712,0.482446,0.737283
5,2.5000,25,1.797870,2.697255,3.372441,0.500000,0.733842
5,2.6000,26,1.749660,2.684040,3.445825,0.488323,0.470981
5,2.7000,27,1.703432,2.668320,3.492923,0.485426,0.402371
5,2.8000,28,1.658203,2.650702,3.533160,0.490407,0.199426
5,2.9000,29,1.613063,2.631536,3.553103,0.486833,0.271831
5,3.0000,30,1.568715,2.611459,3.580286,0.493847,0.218354
5,3.1000,31,1.524239,2.589996,3.602121,0.500000,0.123914
5,3.2000,32,1.479587,2.567498,3.614513,0.490581,0.181407
5,3.3000,33,1.436118,2.544758,3.632653,0.495168,0.077778
5,3.4000,34,1.392544,2.521238,3.640431,0.500000,0.047853
5,3.5000,35,1.348694,2.497213,3.645216,0.500000,-0.059709
5,3.6000,36,1.304831,2.473213,3.639246,0.500000,-0.041225
5,3.7000,37,1.260846,2.449436,3.635123,0.489646,-0.095175
5,3.8000,38,1.217615,2.426445,3.625606,0.475350,-0.180936
5,3.9000,39,1.175342,2.404707,3.607512,0.462189,-0.129773
5,4.0000,40,1.133916,2.384212,3.594535,0.500000,-0.100462
5,4.1000,41,1.088849,2.362558,3.584488,0.500000,-0.031332
5,4.2000,42,1.043640,2.341200,3.581355,0.485949,0.102107
5,4.3000,43,0.999775,2.320288,3.591566,0.500000,-0.242250
5,4.4000,44,0.954493,2.299089,3.567341,0.500000,-0.121120
5,4.5000,45,0.908833,2.278715,3.555229,0.496430,0.083906
5,4.6000,46,0.863460,2.258571,3.563619,0.494003,0.109240
5,4.7000,47,0.818506,2.238090,3.574543,0.500000,-0.190890
5,4.8000,48,0.772922,2.217547,3.555454,0.490545,0.040379
6,0.0000,0,1.245394,2.660859,0.811515,0.400887,-1.066902
6,0.1000,1,1.274488,2.688411,0.704825,0.463838,-0.927172
6,0.2000,2,1.311162,2.716783,0.612107,0.445555,-0.781891
6,0.3000,3,1.348591,2.740933,0.533918,0.468888,-0.549972
6,0.4000,4,1.389589,2.763674,0.478921,0.470507,-0.556547
6,0.5000,5,1.431928,2.784183,0.423266,0.488775,-0.348853
6,0.6000,6,1.476833,2.803478,0.388381,0.445043,-0.352019
6,0.7000,7,1.518311,2.819603,0.353179,0.500000,-0.246181
6,0.8000,8,1.565433,2.836318,0.328561,0.468882,-0.087711
6,0.9000,9,1.609879,2.851253,0.319790,0.500000,-0.088811
6,1.0000,10,1.657413,2.866760,0.310909,0.476804,-0.073912
6,1.1000,11,1.702861,2.881179,0.303518,0.493572,-0.025676
6,1.2000,12,1.749981,2.895870,0.300950,0.461078,0.036968
6,1.3000,13,1.793991,2.909619,0.304647,0.497886,0.097603
6,1.4000,14,1.841414,2.924785,0.314407,0.497384,0.174575
6,1.5000,15,1.888577,2.940579,0.331865,0.500000,0.379380
6,1.6000,16,1.935529,2.957762,0.369803,0.500000,-0.051820
6,1.7000,17,1.982195,2.975713,0.364621,0.446296,0.109420
6,1.8000,18,2.023803,2.991855,0.375563,0.500000,-0.010854
6,1.9000,19,2.070328,3.010170,0.374477,0.500000,0.045075
6,2.0000,20,2.116822,3.028564,0.378985,0.500000,0.090993
6,2.1000,21,2.163189,3.047274,0.388084,0.500000,-0.063413
6,2.2000,22,2.209530,3.066048,0.381743,0.490488,0.121456
6,2.3000,23,2.254936,3.084596,0.393888,0.470984,0.302068
6,2.4000,24,2.298148,3.103326,0.424095,0.489131,0.175466
6,2.5000,25,2.342550,3.123843,0.441642,0.486699,-0.042038
6,2.6000,26,2.386593,3.144553,0.437438,0.500000,0.007379
6,2.7000,27,2.431877,3.165751,0.438176,0.500000,-0.012115
6,2.8000,28,2.477167,3.186938,0.436964,0.472579,-0.088475
6,2.9000,29,2.520072,3.206748,0.428117,0.480811,-0.018867
6,3.0000,30,2.563833,3.226668,0.426230,0.489047,-0.047273
6,3.1000,31,2.608409,3.246781,0.421503,0.498394,-0.042336
6,3.2000,32,2.653930,3.267076,0.417269,0.499259,-0.099203
6,3.3000,33,2.699672,3.287083,0.407349,0.478914,-0.078387
6,3.4000,34,2.743718,3.305883,0.399510,0.500000,0.046175
6,3.5000,35,2.789736,3.325438,0.404128,0.500000,0.137023
6,3.6000,36,2.835572,3.345413,0.417830,0.476355,0.013555
6,3.7000,37,2.879096,3.364772,0.419186,0.478414,-0.079440
6,3.8000,38,2.922872,3.384071,0.411242,0.500000,0.131504
6,3.9000,39,2.968571,3.404359,0.424392,0.484172,-0.077503
6,4.0000,40,3.012770,3.424124,0.416642,0.500000,-0.203702
6,4.1000,41,3.058695,3.443892,0.396271,0.500000,-0.034908
6,4.2000,42,3.104854,3.463110,0.392781,0.482362,0.024255
6,4.3000,43,3.149395,3.481627,0.395206,0.500000,-0.082545
6,4.4000,44,3.195620,3.500686,0.386952,0.500000,0.050661
6,4.5000,45,3.241875,3.519672,0.392018,0.475133,0.183258
7,0.0000,0,3.582875,3.571666,-4.141574,0.229697,2.000000
7,0.1000,1,3.568620,3.589629,-3.941574,0.272142,2.000000
7,0.2000,2,3.547840,3.607131,-3.741574,0.361534,2.000000
7,0.3000,3,3.516165,3.624434,-3.541574,0.388160,1.840851
7,0.4000,4,3.479227,3.636183,-3.357489,0.463355,1.778148
7,0.5000,5,3.433325,3.642043,-3.179674,0.428477,1.288978
7,0.6000,6,3.390522,3.640914,-3.050776,0.480949,0.893486
7,0.7000,7,3.342884,3.634420,-2.961428,0.486296,0.698100
7,0.8000,8,3.295384,3.624044,-2.891618,0.500000,0.450499
7,0.9000,9,3.247233,3.610588,-2.846568,0.500000,0.385024
7,1.0000,10,3.199685,3.595133,-2.808065,0.500000,0.113238
7,1.1000,11,3.152534,3.578497,-2.796742,0.500000,0.089713
7,1.2000,12,3.105554,3.561383,-2.787770,0.500000,-0.168584
7,1.3000,13,3.058508,3.544455,-2.804629,0.500000,-0.396035
7,1.4000,14,3.011005,3.528862,-2.844232,0.500000,-0.375333
7,1.5000,15,2.962935,3.515113,-2.881766,0.476879,-0.191961
7,1.6000,16,2.916733,3.503304,-2.900962,0.495020,-0.225346
7,1.7000,17,2.868529,3.492050,-2.923496,0.484511,-0.151575
7,1.8000,18,2.821148,3.481925,-2.938654,0.499758,-0.160561
7,1.9000,19,2.772119,3.472246,-2.954710,0.500000,-0.262516
7,2.0000,20,2.722873,3.463602,-2.980961,0.488059,-0.240358
7,2.1000,21,2.674606,3.456376,-3.004997,0.500000,-0.130989
7,2.2000,22,2.625029,3.449892,-3.018096,0.474827,-0.075075
7,2.3000,23,2.577886,3.444220,-3.025604,0.494672,-0.080522
7,2.4000,24,2.528729,3.438693,-3.033656,0.485235,-0.078952
7,2.5000,25,2.480468,3.433656,-3.041551,0.483496,-0.106711
7,2.6000,26,2.432335,3.429084,-3.052222,0.493748,-0.113904
7,2.7000,27,2.383133,3.424957,-3.063612,0.488589,-0.059893
7,2.8000,28,2.334412,3.421297,-3.069602,0.465180,0.074526
7,2.9000,29,2.288027,3.417778,-3.062149,0.500000,-0.059925
7,3.0000,30,2.238173,3.413959,-3.068142,0.472396,-0.049745
7,3.1000,31,2.191052,3.410610,-3.073116,0.500000,0.107766
7,3.2000,32,2.141189,3.406920,-3.062339,0.493944,0.124836
7,3.3000,33,2.091975,3.402702,-3.049856,0.479161,-0.045903
7,3.4000,34,2.044251,3.398422,-3.054446,0.500000,0.026747
7,3.5000,35,1.994446,3.394004,-3.051771,0.488152,-0.211393
7,3.6000,36,1.945785,3.390139,-3.072911,0.500000,0.139208
7,3.7000,37,1.895929,3.386361,-3.058990,0.464830,0.148286
7,3.8000,38,1.849634,3.382182,-3.044161,0.499570,0.087667
7,3.9000,39,1.799936,3.377105,-3.035394,0.500000,-0.032009
7,4.0000,40,1.750210,3.371884,-3.038595,0.500000,0.121226
7,4.1000,41,1.700507,3.366442,-3.026473,0.500000,0.186937
7,4.2000,42,1.650894,3.360235,-3.007779,0.500000,-0.085906
7,4.3000,43,1.601313,3.353777,-3.016370,0.500000,-0.127760
7,4.4000,44,1.551666,3.347850,-3.029146,0.490741,-0.085343
7,4.5000,45,1.502879,3.342551,-3.037680,0.497900,0.141755
7,4.6000,46,1.453396,3.337036,-3.023505,0.500000,0.044286
7,4.7000,47,1.403758,3.331035,-3.019076,0.487803,-0.070256
7,4.8000,48,1.355322,3.325244,-3.026102,0.487936,0.096175
8,0.0000,0,2.168166,3.382299,-4.198289,0.077405,2.000000
8,0.1000,1,2.163713,3.388614,-3.998289,0.129631,2.000000
8,0.2000,2,2.154303,3.397499,-3.798289,0.122526,2.000000
8,0.3000,3,2.143918,3.403962,-3.598289,0.285939,2.000000
8,0.4000,4,2.117169,3.413930,-3.398289,0.293860,2.000000
8,0.5000,5,2.088191,3.418508,-3.198289,0.320073,2.000000
8,0.6000,6,2.056267,3.417125,-2.998289,0.367395,1.479870
8,0.7000,7,2.020424,3.409212,-2.850303,0.460986,1.249913
8,0.8000,8,1.977209,3.393251,-2.725311,0.455285,0.963109
8,0.9000,9,1.936519,3.372866,-2.629000,0.500000,0.987053
8,1.0000,10,1.894225,3.346235,-2.530295,0.470285,0.763960
8,1.1000,11,1.856781,3.317800,-2.453899,0.494177,0.392262
8,1.2000,12,1.819220,3.285691,-2.414673,0.488258,-0.109022
8,1.3000,13,1.782560,3.253442,-2.425575,0.500000,-0.167860
8,1.4000,14,1.744565,3.220941,-2.442361,0.483506,-0.057506
8,1.5000,15,1.707471,3.189928,-2.448112,0.474718,-0.367843
8,1.6000,16,1.670415,3.160261,-2.484896,0.500000,-0.413024
8,1.7000,17,1.630195,3.130562,-2.526198,0.483636,-0.218902
8,1.8000,18,1.590401,3.103077,-2.548089,0.471770,-0.293690
8,1.9000,19,1.550910,3.077271,-2.577458,0.500000,-0.122105
8,2.0000,20,1.508496,3.050795,-2.589668,0.480107,-0.103540
8,2.1000,21,1.467484,3.025834,-2.600022,0.500000,-0.286349
8,2.2000,22,1.424276,3.000677,-2.628657,0.500000,0.085891
8,2.3000,23,1.380817,2.975953,-2.620068,0.500000,-0.070653
8,2.4000,24,1.337376,2.951196,-2.627133,0.495055,-0.233259
8,2.5000,25,1.293998,2.927341,-2.650459,0.500000,-0.042381
8,2.6000,26,1.249858,2.903853,-2.654697,0.498535,-0.150770
8,2.7000,27,1.205624,2.880861,-2.669774,0.464852,-0.053952
8,2.8000,28,1.164161,2.859845,-2.675169,0.485982,-0.080894
8,2.9000,29,1.120666,2.838166,-2.683259,0.500000,0.039649
8,3.0000,30,1.075871,2.815955,-2.679294,0.500000,0.179111
8,3.1000,31,1.031321,2.793255,-2.661383,0.500000,-0.153575
8,3.2000,32,0.986801,2.770498,-2.676740,0.483568,0.192092
8,3.3000,33,0.943786,2.748406,-2.657531,0.486323,-0.105665
8,3.4000,34,0.900622,2.726001,-2.668098,0.500000,0.093856
8,3.5000,35,0.856231,2.702993,-2.658712,0.498299,-0.099174
8,3.6000,36,0.811984,2.680075,-2.668629,0.466568,-0.225947
9,0.0000,0,1.593197,2.853995,0.242998,0.487238,0.417467
9,0.1000,1,1.640230,2.866702,0.284744,0.472500,0.390420
9,0.2000,2,1.685307,2.880857,0.323786,0.500000,0.180374
9,0.3000,3,1.732563,2.897191,0.341824,0.495894,0.260452
9,0.4000,4,1.779062,2.914420,0.367869,0.470791,0.324641
9,0.5000,5,1.822709,2.932061,0.400333,0.483689,-0.043989
9,0.6000,6,1.867294,2.950814,0.395934,0.500000,0.109530
9,0.7000,7,1.913320,2.970350,0.406887,0.500000,0.093336
9,0.8000,8,1.959144,2.990351,0.416221,0.500000,-0.181635
9,0.9000,9,2.005057,3.010150,0.398057,0.490516,-0.006030
9,1.0000,10,2.050279,3.029150,0.397454,0.499602,-0.242234
9,1.1000,11,2.096574,3.047929,0.373231,0.500000,0.190076
9,1.2000,12,2.142956,3.066601,0.392238,0.500000,-0.137725
9,1.3000,13,2.189289,3.085395,0.378466,0.500000,-0.220835
9,1.4000,14,2.235951,3.103356,0.356382,0.500000,-0.144862
9,1.5000,15,2.282934,3.120460,0.341896,0.500000,0.212684
9,1.6000,16,2.329858,3.137723,0.363165,0.500000,0.087096
9,1.7000,17,2.376519,3.155688,0.371874,0.471443,0.022896
9,1.8000,18,2.420421,3.172869,0.374164,0.494606,0.063181
9,1.9000,19,2.466402,3.191092,0.380482,0.500000,0.074010
9,2.0000,20,2.512758,3.209832,0.387883,0.500000,0.049352
9,2.1000,21,2.558996,3.228858,0.392818,0.492165,0.124827
9,2.2000,22,2.604346,3.247981,0.405301,0.493437,-0.054343
9,2.3000,23,2.649744,3.267313,0.399866,0.500000,-0.313098
9,2.4000,24,2.696097,3.286054,0.368557,0.500000,0.017330
9,2.5000,25,2.742724,3.304108,0.370290,0.495797,-0.028994
9,2.6000,26,2.788969,3.321983,0.367390,0.474310,0.002014
9,2.7000,27,2.833233,3.339024,0.367592,0.500000,-0.022391
9,2.8000,28,2.879913,3.356940,0.365353,0.489557,-0.057335
9,2.9000,29,2.925687,3.374300,0.359619,0.500000,-0.113372
9,3.0000,30,2.972588,3.391630,0.348282,0.500000,0.070190
9,3.1000,31,3.019526,3.408859,0.355301,0.500000,0.182245
9,3.2000,32,3.066242,3.426679,0.373525,0.498230,-0.145058
9,3.3000,33,3.112759,3.444522,0.359020,0.500000,0.193777
9,3.4000,34,3.159398,3.462542,0.378397,0.477901,0.079755
9,3.5000,35,3.203737,3.480374,0.386373,0.483974,-0.093737
10,0.0000,0,1.341057,0.278792,1.869512,0.489508,-0.599206
10,0.1000,1,1.328061,0.325979,1.809591,0.499476,-0.468777
10,0.2000,2,1.317389,0.374768,1.762713,0.498284,-0.570823
10,0.3000,3,1.309285,0.423926,1.705631,0.500000,-0.284765
10,0.4000,4,1.303270,0.473562,1.677154,0.485437,-0.130107
10,0.5000,5,1.298431,0.521863,1.664144,0.491455,-0.373705
10,0.6000,6,1.294765,0.570869,1.626773,0.500000,-0.247851
10,0.7000,7,1.292587,0.620820,1.601988,0.471720,-0.155693
10,0.8000,8,1.291483,0.667979,1.586419,0.500000,0.102819
10,0.9000,9,1.290445,0.717968,1.596701,0.488206,-0.015949
10,1.0000,10,1.289219,0.766773,1.595106,0.500000,-0.058811
10,1.1000,11,1.288151,0.816761,1.589225,0.500000,0.029248
10,1.2000,12,1.287156,0.866752,1.592150,0.500000,-0.138887
10,1.3000,13,1.286436,0.916746,1.578261,0.477518,0.001987
10,1.4000,14,1.286075,0.964496,1.578460,0.500000,0.080673
10,1.5000,15,1.285490,1.014493,1.586527,0.500000,0.129052
10,1.6000,16,1.284381,1.064480,1.599432,0.451929,0.105754
10,1.7000,17,1.282848,1.109647,1.610008,0.479051,0.111840
10,1.8000,18,1.280703,1.157504,1.621192,0.500000,0.032947
10,1.9000,19,1.278102,1.207436,1.624486,0.489136,-0.005362
10,2.0000,20,1.275490,1.256280,1.623950,0.462624,0.081422
10,2.1000,21,1.272844,1.302466,1.632092,0.493299,-0.304669
10,2.2000,22,1.270573,1.351742,1.601625,0.500000,0.205748
10,2.3000,23,1.268517,1.401699,1.622200,0.482477,0.118042
10,2.4000,24,1.265754,1.449867,1.634004,0.484968,-0.257111
10,2.5000,25,1.263313,1.498301,1.608293,0.492780,0.071995
10,2.6000,26,1.261289,1.547537,1.615493,0.500000,0.041794
10,2.7000,27,1.258950,1.597483,1.619672,0.500000,0.050038
10,2.8000,28,1.256382,1.647417,1.624676,0.495662,-0.039092
10,2.9000,29,1.253810,1.696916,1.620767,0.494633,0.000532
10,3.0000,30,1.251338,1.746317,1.620820,0.493873,-0.068905
10,3.1000,31,1.249038,1.795651,1.613929,0.488973,0.074334
10,3.2000,32,1.246748,1.844495,1.621363,0.500000,0.048372
10,3.3000,33,1.244100,1.894424,1.626200,0.496238,0.100621
10,3.4000,34,1.241103,1.943957,1.636262,0.500000,0.090787
10,3.5000,35,1.237606,1.993835,1.645341,0.465001,-0.049419
10,3.6000,36,1.234257,2.040214,1.640399,0.500000,0.055033
10,3.7000,37,1.230643,2.090083,1.645902,0.500000,0.016049
10,3.8000,38,1.226851,2.139939,1.647507,0.482902,0.095940
10,3.9000,39,1.222919,2.188069,1.657101,0.472666,0.038849
10,4.0000,40,1.218753,2.235151,1.660986,0.499406,-0.228959
10,4.1000,41,1.214825,2.284936,1.638090,0.492034,0.087593
10,4.2000,42,1.211302,2.334013,1.646849,0.488091,-0.180490
10,4.3000,43,1.208033,2.382712,1.628800,0.494213,-0.098552
10,4.4000,44,1.205411,2.432063,1.618945,0.474982,0.055902
10,4.5000,45,1.202992,2.479500,1.624535,0.500000,-0.051780
10,4.6000,46,1.200436,2.529434,1.619357,0.500000,-0.017162
10,4.7000,47,1.198051,2.579378,1.617641,0.497963,0.045100
10,4.8000,48,1.195607,2.629114,1.622151,0.500000,0.078497
10,4.9000,49,1.192845,2.679037,1.630001,0.480013,0.062962
10,5.0000,50,1.189854,2.726945,1.636297,0.495575,-0.051249
10,5.1000,51,1.186737,2.776405,1.631172,0.483202,0.005058
10,5.2000,52,1.183809,2.824636,1.631678,0.498795,-0.033225
10,5.3000,53,1.180857,2.874428,1.628355,0.472166,-0.154105
10,5.4000,54,1.178504,2.921586,1.612945,0.500000,0.078454
10,5.5000,55,1.176201,2.971532,1.620790,0.500000,0.030926
10,5.6000,56,1.173625,3.021466,1.623883,0.500000,0.165714
10,5.7000,57,1.170559,3.071371,1.640454,0.498778,0.012765
10,5.8000,58,1.167055,3.121126,1.641731,0.491403,0.175320
10,5.9000,59,1.163143,3.170109,1.659263,0.469724,-0.055803
10,6.0000,60,1.159123,3.216910,1.653682,0.500000,-0.062088
11,0.0000,0,1.608933,3.551417,-2.998152,0.179857,2.000000
11,0.1000,1,1.591506,3.547089,-2.798152,0.209674,2.000000
11,0.2000,2,1.572599,3.538108,-2.598152,0.292942,2.000000
11,0.3000,3,1.549201,3.520562,-2.398152,0.320832,2.000000
11,0.4000,4,1.527905,3.496638,-2.198152,0.444498,1.562712
11,0.5000,5,1.504724,3.458764,-2.041881,0.433227,1.354602
11,0.6000,6,1.487733,3.418948,-1.906421,0.422780,1.463425
11,0.7000,7,1.476774,3.378154,-1.760078,0.449286,0.969363
11,0.8000,8,1.470471,3.333688,-1.663142,0.500000,0.496966
11,0.9000,9,1.467099,3.283807,-1.613446,0.455182,0.236939
11,1.0000,10,1.465697,3.238311,-1.589752,0.481023,0.295616
11,1.1000,11,1.465496,3.190211,-1.560190,0.500000,0.089495
11,1.2000,12,1.466250,3.140217,-1.551241,0.497886,0.083412
11,1.3000,13,1.467431,3.090443,-1.542899,0.500000,-0.102435
11,1.4000,14,1.468570,3.040456,-1.553143,0.485710,-0.143121
11,1.5000,15,1.469080,2.991888,-1.567455,0.500000,-0.359346
11,1.6000,16,1.468348,2.941896,-1.603390,0.485242,-0.161008
11,1.7000,17,1.466377,2.893412,-1.619490,0.500000,-0.371802
11,1.8000,18,1.463015,2.843528,-1.656671,0.455074,-0.231448
11,1.9000,19,1.458588,2.798238,-1.679815,0.478862,-0.204066
11,2.0000,20,1.452892,2.750692,-1.700222,0.489709,-0.040418
11,2.1000,21,1.446474,2.702144,-1.704264,0.498984,-0.195392
11,2.2000,22,1.439351,2.652757,-1.723803,0.472897,-0.546696
11,2.3000,23,1.430870,2.606240,-1.778473,0.500000,-0.110727
11,2.4000,24,1.420290,2.557373,-1.789545,0.500000,-0.160268
11,2.5000,25,1.409049,2.508653,-1.805572,0.474046,-0.214194
11,2.6000,26,1.397529,2.462671,-1.826992,0.500000,0.089978
11,2.7000,27,1.385076,2.414246,-1.817994,0.482471,-0.034075
11,2.8000,28,1.373191,2.367486,-1.821401,0.485344,-0.141456
11,2.9000,29,1.360823,2.320555,-1.835547,0.500000,0.192682
11,3.0000,30,1.348205,2.272174,-1.816279,0.494445,0.022719
11,3.1000,31,1.336243,2.224198,-1.814007,0.493106,0.407115
11,3.2000,32,1.325346,2.176110,-1.773295,0.500000,0.297535
11,3.3000,33,1.316020,2.126989,-1.743542,0.481027,0.084192
11,3.4000,34,1.307951,2.079568,-1.735123,0.464539,0.328354
11,3.5000,35,1.301106,2.033624,-1.702287,0.493274,0.556793
11,3.6000,36,1.296003,1.984567,-1.646608,0.474512,0.559228
11,3.7000,37,1.293733,1.937177,-1.590685,0.438598,0.883288
11,3.8000,38,1.294798,1.893344,-1.502356,0.451892,1.024294
11,3.9000,39,1.300189,1.848498,-1.399927,0.442838,1.009079
11,4.0000,40,1.309907,1.805312,-1.299019,0.464875,0.763189
11,4.1000,41,1.324082,1.761051,-1.222700,0.486657,0.634796
11,4.2000,42,1.342122,1.715861,-1.159221,0.445190,0.556152
11,4.3000,43,1.361057,1.675576,-1.103605,0.500000,0.397635
11,4.4000,44,1.384458,1.631394,-1.063842,0.454093,0.454877
11,4.5000,45,1.407400,1.592211,-1.018354,0.484097,0.308759
11,4.6000,46,1.433436,1.551401,-0.987478,0.479231,0.330327
11,4.7000,47,1.460488,1.511845,-0.954446,0.488203,0.313939
11,4.8000,48,1.489329,1.472458,-0.923052,0.500000,0.245611
11,4.9000,49,1.519985,1.432960,-0.898491,0.500000,0.288677
11,5.0000,50,1.551685,1.394296,-0.869623,0.500000,-0.280960
11,5.1000,51,1.583400,1.355643,-0.897719,0.492666,-0.115742
11,5.2000,52,1.613889,1.316944,-0.909293,0.486148,0.118784
11,5.3000,53,1.643980,1.278762,-0.897415,0.495964,-0.060127
11,5.4000,54,1.674794,1.239899,-0.903427,0.500000,-0.155013
11,5.5000,55,1.705434,1.200388,-0.918929,0.498063,0.093787
12,0.0000,0,0.398630,2.214160,-0.012579,0.436858,1.184609
12,0.1000,1,0.442242,2.216196,0.105882,0.439050,1.187020
12,0.2000,2,0.485524,2.223413,0.224584,0.447273,0.796290
12,0.3000,3,0.528686,2.235099,0.304213,0.500000,0.968368
12,0.4000,4,0.575591,2.252361,0.401050,0.487266,0.481523
12,0.5000,5,0.619976,2.272455,0.449202,0.443037,0.584445
12,0.6000,6,0.659299,2.292849,0.507647,0.500000,0.060923
12,0.7000,7,0.702920,2.317288,0.513739,0.500000,0.269849
12,0.8000,8,0.746128,2.342444,0.540724,0.492448,0.051876
12,0.9000,9,0.788282,2.367903,0.545912,0.500000,0.076967
12,1.0000,10,0.830914,2.394027,0.553608,0.500000,0.112881
12,1.1000,11,0.873297,2.420554,0.564896,0.500000,-0.010705
12,1.2000,12,0.915543,2.447298,0.563826,0.500000,-0.263322
12,1.3000,13,0.958151,2.473460,0.537494,0.477161,-0.033207
12,1.4000,14,0.999179,2.497822,0.534173,0.500000,-0.092450
12,1.5000,15,1.042331,2.523079,0.524928,0.500000,-0.212293
12,1.6000,16,1.085862,2.547675,0.503699,0.500000,-0.231597
12,1.7000,17,1.129927,2.571299,0.480539,0.500000,-0.000656
12,1.8000,18,1.174265,2.594411,0.480473,0.486005,0.088370
12,1.9000,19,1.217263,2.617064,0.489310,0.500000,-0.006711
12,2.0000,20,1.261404,2.640550,0.488639,0.494757,-0.298621
12,2.1000,21,1.305430,2.663120,0.458777,0.485522,-0.057375
12,2.2000,22,1.349023,2.684496,0.453040,0.493765,-0.055824
13,0.0000,0,3.796963,1.254120,-3.969418,0.348970,2.000000
13,0.1000,1,3.770951,1.277296,-3.769418,0.368482,1.916657
13,0.2000,2,3.739244,1.295959,-3.577752,0.404594,1.764252
13,0.3000,3,3.701259,1.309736,-3.401327,0.420833,1.554758
13,0.4000,4,3.659912,1.317346,-3.245851,0.450193,1.047827
13,0.5000,5,3.614974,1.319679,-3.141069,0.500000,0.853731
13,0.6000,6,3.565036,1.317519,-3.055696,0.444095,0.641854
13,0.7000,7,3.520942,1.312293,-2.991510,0.467244,0.256123
13,0.8000,8,3.474838,1.304715,-2.965898,0.477350,0.340910
13,0.9000,9,3.427989,1.295572,-2.931807,0.476683,0.021893
13,1.0000,10,3.381377,1.285594,-2.929618,0.492095,0.128496
13,1.1000,11,3.333337,1.274932,-2.916768,0.486063,-0.146045
13,1.2000,12,3.285876,1.264443,-2.931373,0.456446,-0.127585
13,1.3000,13,3.241177,1.255203,-2.944131,0.500000,0.018115
13,1.4000,14,3.192157,1.245349,-2.942319,0.500000,-0.166729
13,1.5000,15,3.143067,1.235860,-2.958992,0.500000,-0.040407
13,1.6000,16,3.093880,1.226880,-2.963033,0.480822,-0.176044
13,1.7000,17,3.046489,1.218757,-2.980638,0.460689,-0.149407
13,1.8000,18,3.000962,1.211714,-2.995578,0.489036,-0.336053
13,1.9000,19,2.952469,1.205413,-3.029184,0.500000,-0.279333
13,2.0000,20,2.902712,1.200499,-3.057117,0.482102,0.036116
13,2.1000,21,2.854682,1.196345,-3.053505,0.478299,-0.205332
13,2.2000,22,2.806997,1.192626,-3.074038,0.485953,-0.019272
13,2.3000,23,2.758510,1.189393,-3.075966,0.462899,0.027187
13,2.4000,24,2.712324,1.186294,-3.073247,0.494659,-0.140561
13,2.5000,25,2.662951,1.183263,-3.087303,0.481831,-0.091218
13,2.6000,26,2.614828,1.180868,-3.096425,0.500000,-0.030366
13,2.7000,27,2.564875,1.178686,-3.099461,0.481286,-0.074387
13,2.8000,28,2.516782,1.176838,-3.106900,0.500000,-0.005709
13,2.9000,29,2.466812,1.175118,-3.107471,0.494853,0.055996
13,3.0000,30,2.417360,1.173291,-3.101871,0.500000,-0.118900
13,3.1000,31,2.367389,1.171603,-3.113761,0.461672,0.077332
13,3.2000,32,2.321245,1.170140,-3.106028,0.500000,-0.064859
13,3.3000,33,2.271272,1.168524,-3.112514,0.497107,0.178110
13,3.4000,34,2.221597,1.166636,-3.094703,0.500000,0.011590
13,3.5000,35,2.171654,1.164264,-3.093544,0.500000,0.080156
13,3.6000,36,2.121722,1.161662,-3.085529,0.488874,-0.217834
13,3.7000,37,2.072885,1.159454,-3.107312,0.481743,0.078243
14,0.0000,0,2.018825,0.229931,1.767922,0.208951,2.000000
14,0.1000,1,2.012718,0.249877,1.967922,0.258882,2.000000
14,0.2000,2,2.000392,0.272594,2.167922,0.304389,2.000000
14,0.3000,3,1.980882,0.295892,2.367922,0.347443,2.000000
14,0.4000,4,1.953773,0.317531,2.567922,0.403770,1.562798
14,0.5000,5,1.918289,0.336711,2.724202,0.415498,1.243438
14,0.6000,6,1.879359,0.351153,2.848546,0.451841,0.950955
14,0.7000,7,1.835546,0.362130,2.943641,0.455971,0.813523
14,0.8000,8,1.790524,0.369270,3.024994,0.454215,0.496518
14,0.9000,9,1.745298,0.373432,3.074645,0.500000,0.326887
14,1.0000,10,1.695364,0.375961,3.107334,0.479881,0.133739
14,1.1000,11,1.647395,0.377284,3.120708,0.500000,0.243453
14,1.2000,12,1.597398,0.377720,3.145053,0.500000,0.002752
14,1.3000,13,1.547398,0.377540,3.145329,0.489681,-0.138153
14,1.4000,14,1.498431,0.377695,3.131513,0.485290,-0.109367
14,1.5000,15,1.449908,0.378449,3.120576,0.500000,-0.149965
14,1.6000,16,1.399929,0.379875,3.105580,0.500000,-0.221247
14,1.7000,17,1.349985,0.382228,3.083455,0.500000,-0.215634
14,1.8000,18,1.300105,0.385671,3.061892,0.464785,-0.330478
14,1.9000,19,1.253843,0.390136,3.028844,0.466166,-0.141801
14,2.0000,20,1.207562,0.395709,3.014664,0.486450,-0.126574
14,2.1000,21,1.159348,0.402172,3.002007,0.500000,-0.362941
14,2.2000,22,1.109971,0.410026,2.965712,0.464452,-0.355012
14,2.3000,23,1.064397,0.418963,2.930211,0.500000,-0.192369
14,2.4000,24,1.015613,0.429923,2.910974,0.469902,-0.131086
14,2.5000,25,0.969939,0.440963,2.897866,0.500000,0.096908
14,2.6000,26,0.921359,0.452794,2.907556,0.490303,-0.045816
14,2.7000,27,0.873691,0.464274,2.902975,0.500000,-0.202403
14,2.8000,28,0.825231,0.476582,2.882735,0.489336,-0.028354
14,2.9000,29,0.777946,0.489175,2.879899,0.500000,-0.010571
14,3.0000,30,0.729655,0.502137,2.878842,0.471882,0.097676
14,3.1000,31,0.684027,0.514171,2.888610,0.487053,-0.071052
14,3.2000,32,0.636916,0.526529,2.881504,0.475197,0.063522
15,0.0000,0,0.680444,2.624812,-0.609338,0.430347,1.630934
15,0.1000,1,0.717581,2.603163,-0.446245,0.454748,1.394728
15,0.2000,2,0.759836,2.586456,-0.306772,0.461050,1.258772
15,0.3000,3,0.804548,2.575333,-0.180895,0.462862,1.196147
15,0.4000,4,0.850468,2.569745,-0.061280,0.481142,0.916141
15,0.5000,5,0.898559,2.569001,0.030334,0.452935,0.584206
15,0.6000,6,0.943766,2.571696,0.088755,0.500000,0.449092
15,0.7000,7,0.993453,2.577244,0.133664,0.500000,0.318305
15,0.8000,8,1.042893,2.584695,0.165495,0.485749,0.063926
15,0.9000,9,1.090778,2.592851,0.171887,0.476309,0.314541
15,1.0000,10,1.137571,2.601734,0.203341,0.498416,-0.110278
15,1.1000,11,1.186440,2.611530,0.192314,0.481890,0.060535
15,1.2000,12,1.233713,2.620883,0.198367,0.480628,-0.166156
15,1.3000,13,1.280910,2.629963,0.181752,0.477081,-0.246979
15,1.4000,14,1.327934,2.638006,0.157054,0.500000,-0.123255
15,1.5000,15,1.377365,2.645522,0.144728,0.492982,-0.181356
15,1.6000,16,1.426210,2.652189,0.126593,0.500000,-0.105919
15,1.7000,17,1.475842,2.658239,0.116001,0.500000,-0.102332
15,1.8000,18,1.525535,2.663772,0.105767,0.492311,-0.164613
15,1.9000,19,1.574532,2.668566,0.089306,0.464937,-0.144719
15,2.0000,20,1.620868,2.672378,0.074834,0.500000,-0.196120
15,2.1000,21,1.670762,2.675627,0.055222,0.500000,0.003840
15,2.2000,22,1.720685,2.678396,0.055606,0.500000,0.232588
15,2.3000,23,1.770571,2.681755,0.078865,0.491673,-0.186650
15,2.4000,24,1.819619,2.685171,0.060200,0.500000,-0.039288
15,2.5000,25,1.869534,2.688081,0.056271,0.500000,0.017994
15,2.6000,26,1.919452,2.690938,0.058071,0.485807,-0.162645
15,2.7000,27,1.967972,2.693363,0.041806,0.500000,-0.341795
15,2.8000,28,2.017954,2.694599,0.007627,0.462978,-0.792602
15,2.9000,29,2.064216,2.693118,-0.071634,0.450151,-0.606857
15,3.0000,30,2.108990,2.688536,-0.132319,0.474730,-0.931338
15,3.1000,31,2.155689,2.680092,-0.225453,0.468600,-0.909993
15,3.2000,32,2.200824,2.667554,-0.316452,0.478043,-0.734359
15,3.3000,33,2.245668,2.651024,-0.389888,0.474999,-0.598057
15,3.4000,34,2.289037,2.631667,-0.449694,0.492189,-0.530419
15,3.5000,35,2.332774,2.609107,-0.502736,0.500000,-0.255588
15,3.6000,36,2.376275,2.584458,-0.528295,0.500000,-0.523258
15,3.7000,37,2.418780,2.558137,-0.580621,0.500000,-0.499459
15,3.8000,38,2.459883,2.529678,-0.630567,0.479134,-0.417109
15,3.9000,39,2.497983,2.500629,-0.672277,0.500000,-0.105032
15,4.0000,40,2.536939,2.469286,-0.682781,0.500000,-0.062799
15,4.1000,41,2.575630,2.437617,-0.689061,0.500000,-0.236770
15,4.2000,42,2.613843,2.405372,-0.712738,0.500000,-0.035306
15,4.3000,43,2.651613,2.372610,-0.716268,0.497435,0.131434
15,4.4000,44,2.689347,2.340197,-0.703125,0.483157,-0.176804
15,4.5000,45,2.725925,2.308632,-0.720805,0.500000,0.113062
16,0.0000,0,2.779043,3.152715,-4.081519,0.273473,2.000000
16,0.1000,1,2.760819,3.173044,-3.881519,0.366507,2.000000
16,0.2000,2,2.731469,3.194893,-3.681519,0.390261,1.630451
16,0.3000,3,2.696510,3.212144,-3.518474,0.403110,1.474711
16,0.4000,4,2.658072,3.224167,-3.371002,0.443956,1.190730
16,0.5000,5,2.614342,3.231668,-3.251929,0.438449,1.072367
16,0.6000,6,2.570588,3.234152,-3.144693,0.486524,0.843261
16,0.7000,7,2.521987,3.232252,-3.060367,0.500000,0.725317
16,0.8000,8,2.472343,3.226393,-2.987835,0.500000,0.385061
16,0.9000,9,2.423092,3.217786,-2.949329,0.492261,0.142028
16,1.0000,10,2.374842,3.208037,-2.935126,0.500000,-0.106566
16,1.1000,11,2.325850,3.198047,-2.945783,0.481388,-0.037010
16,1.2000,12,2.278614,3.188769,-2.949484,0.500000,-0.098573
16,1.3000,13,2.229487,3.179464,-2.959341,0.481175,-0.184507
16,1.4000,14,2.182089,3.171180,-2.977792,0.500000,-0.253145
16,1.5000,15,2.132660,3.163652,-3.003106,0.492775,-0.245645
16,1.6000,16,2.083776,3.157450,-3.027671,0.500000,-0.125269
16,1.7000,17,2.034066,3.152077,-3.040198,0.470957,-0.388369
16,1.8000,18,1.987131,3.148221,-3.079035,0.500000,-0.197454
16,1.9000,19,1.937201,3.145588,-3.098780,0.500000,-0.124949
16,2.0000,20,1.887235,3.143760,-3.111275,0.500000,-0.299695
16,2.1000,21,1.837243,3.142994,-3.141244,0.488854,-0.043522
16,2.2000,22,1.788358,3.143083,-3.145596,0.500000,-0.150270
16,2.3000,23,1.738361,3.143659,-3.160623,0.489452,-0.069706
16,2.4000,24,1.689429,3.144761,-3.167594,0.500000,0.088500
16,2.5000,25,1.639441,3.145840,-3.158744,0.494488,-0.007300
16,2.6000,26,1.589999,3.146706,-3.159474,0.458101,-0.086605
16,2.7000,27,1.544201,3.147723,-3.168135,0.500000,-0.118992
16,2.8000,28,1.494227,3.149347,-3.180034,0.500000,0.069213
16,2.9000,29,1.444258,3.151096,-3.173113,0.460338,0.245460
16,3.0000,30,1.398234,3.151982,-3.148567,0.500000,-0.002762
16,3.1000,31,1.348235,3.152338,-3.148843,0.500000,0.017188
16,3.2000,32,1.298236,3.152657,-3.147124,0.500000,0.069295
16,3.3000,33,1.248236,3.152761,-3.140194,0.495324,0.089918
16,3.4000,34,1.198705,3.152469,-3.131203,0.500000,-0.031191
16,3.5000,35,1.148707,3.152027,-3.134322,0.500000,-0.015505
17,0.0000,0,1.633661,0.701548,0.265225,0.480928,-0.432548
17,0.1000,1,1.680330,0.713147,0.221971,0.500000,-0.327849
17,0.2000,2,1.729275,0.723353,0.189186,0.485232,-0.070336
17,0.3000,3,1.776964,0.732310,0.182152,0.500000,-0.239352
17,0.4000,4,1.826241,0.740778,0.158217,0.473343,-0.121779
17,0.5000,5,1.873028,0.747952,0.146039,0.467651,-0.199988
17,0.6000,6,1.919361,0.754294,0.126040,0.492173,-0.058021
17,0.7000,7,1.968205,0.760339,0.120238,0.488886,-0.030007
17,0.8000,8,2.016750,0.766130,0.117238,0.500000,0.069057
17,0.9000,9,2.066386,0.772150,0.124143,0.500000,0.092044
17,1.0000,10,2.115972,0.778570,0.133348,0.500000,-0.132494
17,1.1000,11,2.165570,0.784889,0.120098,0.473236,0.030442
17,1.2000,12,2.212544,0.790630,0.123143,0.491772,-0.055966
17,1.3000,13,2.261366,0.796534,0.117546,0.500000,0.187265
17,1.4000,14,2.310963,0.802862,0.136272,0.498606,0.036993
17,1.5000,15,2.360349,0.809727,0.139972,0.489038,-0.044711
17,1.6000,16,2.408789,0.816442,0.135501,0.500000,-0.085388
17,1.7000,17,2.458359,0.822985,0.126962,0.496580,0.025188
17,1.8000,18,2.507610,0.829334,0.129481,0.497587,0.177934
17,1.9000,19,2.556892,0.836198,0.147274,0.500000,0.019616
17,2.0000,20,2.606344,0.843583,0.149236,0.500000,-0.047878
17,2.1000,21,2.655805,0.850899,0.144448,0.500000,0.219441
17,2.2000,22,2.705202,0.858639,0.166392,0.488437,0.003686
17,2.3000,23,2.753369,0.866737,0.166760,0.500000,-0.110820
17,2.4000,24,2.802721,0.874763,0.155678,0.500000,-0.036660
17,2.5000,25,2.852130,0.882425,0.152012,0.477661,0.041693
17,2.6000,26,2.899330,0.889757,0.156182,0.483112,0.153626
17,2.7000,27,2.946994,0.897638,0.171544,0.500000,-0.078716
17,2.8000,28,2.996293,0.905979,0.163673,0.500000,-0.037135
17,2.9000,29,3.045640,0.914035,0.159959,0.495935,-0.039015
17,3.0000,30,3.094615,0.921838,0.156058,0.488441,-0.089634
17,3.1000,31,3.142899,0.929213,0.147094,0.500000,-0.232434
17,3.2000,32,3.192440,0.935966,0.123851,0.483928,0.046335
17,3.3000,33,3.240448,0.942056,0.128484,0.500000,0.005245
17,3.4000,34,3.290034,0.948475,0.129009,0.500000,0.017479
17,3.5000,35,3.339613,0.954951,0.130757,0.462656,0.151020
17,3.6000,36,3.385437,0.961330,0.145859,0.500000,-0.072277
17,3.7000,37,3.434931,0.968418,0.138631,0.500000,0.116977
17,3.8000,38,3.484410,0.975617,0.150329,0.487452,0.141386
18,0.0000,0,0.415901,0.344669,0.647600,0.430471,-1.078967
18,0.1000,1,0.451565,0.368738,0.539703,0.431478,-1.020727
18,0.2000,2,0.489646,0.388985,0.437630,0.487133,-0.789310
18,0.3000,3,0.534537,0.407867,0.358699,0.484307,-0.779329
18,0.4000,4,0.580502,0.423086,0.280766,0.444330,-0.632109
18,0.5000,5,0.623556,0.434041,0.217555,0.483684,-0.242876
18,0.6000,6,0.670906,0.443906,0.193268,0.500000,-0.292090
18,0.7000,7,0.720108,0.452792,0.164059,0.486166,-0.307332
18,0.8000,8,0.768187,0.459994,0.133326,0.500000,-0.163916
18,0.9000,9,0.817795,0.466234,0.116934,0.493181,0.146867
18,1.0000,10,0.866733,0.472347,0.131621,0.480299,-0.068254
18,1.1000,11,0.914368,0.478488,0.124795,0.494995,-0.048368
18,1.2000,12,0.963498,0.484531,0.119959,0.471566,0.198431
18,1.3000,13,1.010256,0.490638,0.139802,0.471608,-0.030861
18,1.4000,14,1.056967,0.497138,0.136716,0.500000,-0.022572
18,1.5000,15,1.106508,0.503896,0.134458,0.496059,0.117971
18,1.6000,16,1.155626,0.510836,0.146256,0.494388,0.134096
18,1.7000,17,1.204487,0.518369,0.159665,0.471015,0.087932
18,1.8000,18,1.250956,0.526061,0.168458,0.500000,0.259388
18,1.9000,19,1.300134,0.535083,0.194397,0.488031,0.202451
18,2.0000,20,1.347919,0.544994,0.214642,0.481108,-0.087789
18,2.1000,21,1.394970,0.555036,0.205863,0.459441,-0.038146
18,2.2000,22,1.439962,0.564341,0.202049,0.500000,0.054752
18,2.3000,23,1.488917,0.574509,0.207524,0.500000,0.162943
18,2.4000,24,1.537758,0.585209,0.223818,0.492855,0.016559
18,2.5000,25,1.585805,0.596188,0.225474,0.495642,0.131247
18,2.6000,26,1.634041,0.607586,0.238599,0.492314,-0.009525
18,2.7000,27,1.681883,0.619198,0.237646,0.485282,0.114937
18,2.8000,28,1.728981,0.630894,0.249140,0.492896,-0.119767
18,2.9000,29,1.776820,0.642761,0.237163,0.469544,0.060098
18,3.0000,30,1.822427,0.653929,0.243173,0.488016,-0.068238
18,3.1000,31,1.869832,0.665518,0.236349,0.491675,-0.072511
18,3.2000,32,1.917674,0.676858,0.229098,0.460277,-0.120964
18,3.3000,33,1.962561,0.687039,0.217002,0.478319,0.203249
18,3.4000,34,2.009164,0.697812,0.237327,0.500000,-0.025741
18,3.5000,35,2.057777,0.709504,0.234753,0.500000,0.056373
18,3.6000,36,2.106373,0.721271,0.240390,0.472749,-0.222910
18,3.7000,37,2.152410,0.732014,0.218099,0.500000,-0.050337
18,3.8000,38,2.201253,0.742710,0.213065,0.500000,-0.112873
18,3.9000,39,2.250181,0.753007,0.201778,0.500000,-0.033356
18,4.0000,40,2.299183,0.762946,0.198442,0.500000,0.163092
18,4.1000,41,2.348119,0.773202,0.214752,0.488280,0.038329
18,4.2000,42,2.395805,0.783699,0.218585,0.500000,0.117037
18,4.3000,43,2.444551,0.794827,0.230288,0.500000,-0.017397
18,4.4000,44,2.493241,0.806197,0.228549,0.500000,0.064385
18,4.5000,45,2.541904,0.817682,0.234987,0.500000,-0.072666
18,4.6000,46,2.590572,0.829147,0.227721,0.490331,-0.208550
18,4.7000,47,2.638451,0.839718,0.206866,0.496511,0.165147
18,4.8000,48,2.686957,0.850316,0.223380,0.490174,-0.126031
18,4.9000,49,2.734824,0.860874,0.210777,0.495150,-0.051747
18,5.0000,50,2.783269,0.871108,0.205603,0.488809,0.050454
18,5.1000,51,2.831095,0.881208,0.210648,0.500000,0.095524
18,5.2000,52,2.879940,0.891896,0.220200,0.500000,-0.027482
18,5.3000,53,2.928747,0.902750,0.217452,0.457874,-0.020499
18,5.4000,54,2.973466,0.912583,0.215402,0.486890,0.073305
18,5.5000,55,3.020992,0.923164,0.222733,0.500000,-0.129905
18,5.6000,56,3.069827,0.933891,0.209742,0.489118,-0.141156
18,5.7000,57,3.117737,0.943737,0.195627,0.489033,0.051745
18,5.8000,58,3.165683,0.953367,0.200801,0.500000,0.067061
18,5.9000,59,3.214644,0.963504,0.207507,0.500000,0.088793
18,6.0000,60,3.263525,0.974022,0.216387,0.493502,0.119855
19,0.0000,0,0.523606,0.692729,1.855349,0.353302,-1.897168
19,0.1000,1,0.516954,0.727373,1.665632,0.395251,-1.442669
19,0.2000,2,0.516058,0.766854,1.521366,0.387425,-1.505819
19,0.3000,3,0.520873,0.805259,1.370784,0.453864,-1.112370
19,0.4000,4,0.532343,0.849148,1.259547,0.437369,-0.914741
19,0.5000,5,0.547622,0.890113,1.168073,0.462808,-0.909773
19,0.6000,6,0.567671,0.931808,1.077095,0.472411,-0.578253
19,0.7000,7,0.591248,0.972737,1.019270,0.500000,-0.531858
19,0.8000,8,0.618567,1.014607,0.966084,0.500000,-0.305062
19,0.9000,9,0.647616,1.055300,0.935578,0.475506,0.042862
19,1.0000,10,0.675748,1.093636,0.939864,0.480478,-0.055176
19,1.1000,11,0.704199,1.132355,0.934347,0.476687,-0.023495
19,1.2000,12,0.732575,1.170658,0.931997,0.500000,0.114069
19,1.3000,13,0.762157,1.210968,0.943404,0.478737,0.128399
19,1.4000,14,0.790011,1.249904,0.956244,0.500000,0.320985
19,1.5000,15,0.818180,1.291211,0.988342,0.500000,0.254864
19,1.6000,16,0.845149,1.333313,1.013829,0.500000,0.059458
19,1.7000,17,0.871453,1.375834,1.019775,0.492574,0.237223
19,1.8000,18,0.896742,1.418103,1.043497,0.485718,0.003321
19,1.9000,19,0.921177,1.460081,1.043829,0.498374,-0.044794
19,2.0000,20,0.946337,1.503101,1.039350,0.483167,0.058142
19,2.1000,21,0.970702,1.544825,1.045164,0.490452,0.311385
19,2.2000,22,0.994646,1.587625,1.076302,0.500000,0.176354
19,2.3000,23,1.017986,1.631843,1.093938,0.480549,0.150307
19,2.4000,24,1.039721,1.674701,1.108969,0.500000,-0.024171
19,2.5000,25,1.062055,1.719436,1.106552,0.500000,-0.012254
19,2.6000,26,1.084470,1.764130,1.105326,0.488365,0.039700
19,2.7000,27,1.106303,1.807814,1.109296,0.500000,-0.018736
19,2.8000,28,1.128609,1.852563,1.107422,0.500000,-0.166479
19,2.9000,29,1.151329,1.897102,1.090775,0.500000,0.008099
19,3.0000,30,1.174401,1.941461,1.091584,0.489419,-0.197213
19,3.1000,31,1.197394,1.984664,1.071863,0.470531,-0.064462
19,3.2000,32,1.220041,2.025909,1.065417,0.500000,0.044325
19,3.3000,33,1.244151,2.069712,1.069849,0.500000,0.203375
19,3.4000,34,1.267716,2.113809,1.090187,0.488725,-0.009593
19,3.5000,35,1.290332,2.157134,1.089228,0.500000,0.123519
19,3.6000,36,1.313216,2.201590,1.101579,0.475172,0.114087
19,3.7000,37,1.334461,2.244093,1.112988,0.486684,0.077845
19,3.8000,38,1.355801,2.287833,1.120773,0.500000,-0.079883
19,3.9000,39,1.377730,2.332767,1.112784,0.500000,-0.289335
19,4.0000,40,1.400484,2.377288,1.083851,0.500000,-0.113610
19,4.1000,41,1.424131,2.421342,1.072490,0.500000,0.153486
19,4.2000,42,1.447690,2.465444,1.087839,0.487433,0.199429
19,4.3000,43,1.469894,2.508835,1.107781,0.484264,0.046385
19,4.4000,44,1.491423,2.552212,1.112420,0.494292,0.015849
19,4.5000,45,1.513260,2.596556,1.114005,0.488809,0.047178
19,4.6000,46,1.534717,2.640476,1.118723,0.485190,-0.006944
19,4.7000,47,1.555926,2.684114,1.118028,0.500000,-0.086571
19,4.8000,48,1.577994,2.728981,1.109371,0.500000,0.034583
19,4.9000,49,1.600177,2.773790,1.112829,0.494053,-0.081520
19,5.0000,50,1.622201,2.818015,1.104677,0.499014,-0.061435
19,5.1000,51,1.644765,2.862523,1.098534,0.489723,-0.017346
19,5.2000,52,1.667080,2.906116,1.096799,0.495755,0.009407
19,5.3000,53,1.689688,2.950236,1.097740,0.500000,0.086195
19,5.4000,54,1.712276,2.994843,1.106359,0.500000,0.021703
19,5.5000,55,1.734624,3.039571,1.108530,0.487856,-0.147437
19,5.6000,56,1.756702,3.083074,1.093786,0.495446,0.111089
19,5.7000,57,1.779204,3.127214,1.104895,0.500000,-0.183377
19,5.8000,58,1.802074,3.171676,1.086557,0.464515,0.175048
19,5.9000,59,1.823338,3.212974,1.104062,0.500000,-0.099194
19,6.0000,60,1.846058,3.257514,1.094143,0.498448,-0.008935
19,6.1000,61,1.868947,3.301793,1.093249,0.500000,-0.063239
19,6.2000,62,1.892067,3.346126,1.086925,0.500000,0.026962
20,0.0000,0,2.919601,1.897808,2.404357,0.498190,-0.437757
20,0.1000,1,2.883463,1.932095,2.360582,0.481365,-0.328900
20,0.2000,2,2.849840,1.966539,2.327692,0.486112,-0.472011
20,0.3000,3,2.817306,2.002653,2.280490,0.476153,-0.322454
20,0.4000,4,2.786868,2.039266,2.248245,0.500000,-0.334387
20,0.5000,5,2.756184,2.078741,2.214806,0.454147,-0.288766
20,0.6000,6,2.729445,2.115448,2.185930,0.500000,-0.227957
20,0.7000,7,2.701060,2.156608,2.163134,0.497538,-0.063538
20,0.8000,8,2.673413,2.197973,2.156780,0.463520,0.031404
20,0.9000,9,2.647719,2.236552,2.159921,0.462066,0.048206
20,1.0000,10,2.621953,2.274907,2.164741,0.500000,0.067436
20,1.1000,11,2.593832,2.316250,2.171485,0.500000,0.239558
20,1.2000,12,2.565080,2.357155,2.195441,0.487556,0.170332
20,1.3000,13,2.536232,2.396459,2.212474,0.500000,0.272511
20,1.4000,14,2.505763,2.436101,2.239725,0.500000,0.341555
20,1.5000,15,2.474091,2.474788,2.273881,0.483528,0.251166
20,1.6000,16,2.442368,2.511278,2.298997,0.472556,0.285723
20,1.7000,17,2.410418,2.546094,2.327570,0.451060,0.409749
20,1.8000,18,2.378786,2.578245,2.368544,0.463446,0.689325
20,1.9000,19,2.344525,2.609440,2.437477,0.469750,0.842098
20,2.0000,20,2.307484,2.638307,2.521687,0.493737,0.754261
20,2.1000,21,2.266254,2.665449,2.597113,0.463646,0.851903
20,2.2000,22,2.225619,2.687747,2.682303,0.453623,0.734931
20,2.3000,23,2.184256,2.706345,2.755796,0.475388,0.833049
20,2.4000,24,2.139518,2.722380,2.839101,0.474682,0.761642
20,2.5000,25,2.093710,2.734782,2.915265,0.492481,0.688939
20,2.6000,26,2.045376,2.744172,2.984159,0.492368,0.476889
20,2.7000,27,1.996582,2.750730,3.031848,0.500000,0.320865
20,2.8000,28,1.946804,2.755408,3.063935,0.500000,0.389246
20,2.9000,29,1.896891,2.758315,3.102859,0.500000,0.266392
20,3.0000,30,1.846909,2.759586,3.129498,0.500000,0.065125
20,3.1000,31,1.796911,2.760028,3.136011,0.500000,-0.003753
20,3.2000,32,1.746912,2.760316,3.135636,0.491587,-0.005753
20,3.3000,33,1.697754,2.760623,3.135060,0.500000,0.145983
20,3.4000,34,1.647755,2.760585,3.149659,0.500000,0.040974
20,3.5000,35,1.597757,2.760079,3.153756,0.500000,-0.120327
20,3.6000,36,1.547758,2.759772,3.141723,0.481828,-0.201707
20,3.7000,37,1.499579,2.760252,3.121553,0.500000,0.047970
20,3.8000,38,1.449587,2.761134,3.126350,0.500000,-0.124747
20,3.9000,39,1.399599,2.762207,3.113875,0.500000,-0.290586
20,4.0000,40,1.349645,2.764319,3.084816,0.486391,-0.049070
20,4.1000,41,1.301091,2.767198,3.079909,0.500000,-0.156761
20,4.2000,42,1.251212,2.770672,3.064233,0.500000,-0.251528
20,4.3000,43,1.201416,2.775162,3.039081,0.500000,0.146163
20,4.4000,44,1.151643,2.779915,3.053697,0.495970,-0.088541
20,4.5000,45,1.102257,2.784488,3.044843,0.500000,0.004948
20,4.6000,46,1.052490,2.789305,3.045337,0.500000,-0.059497
20,4.7000,47,1.002736,2.794259,3.039388,0.476202,-0.124712
20,4.8000,48,0.955396,2.799412,3.026917,0.500000,-0.094845
20,4.9000,49,0.905752,2.805369,3.017432,0.459594,0.049951
20,5.0000,50,0.860132,2.810947,3.022427,0.491703,0.087249
20,5.1000,51,0.811286,2.816579,3.031152,0.474678,0.033289
20,5.2000,52,0.764098,2.821732,3.034481,0.500000,-0.060883
21,0.0000,0,2.618940,0.998067,1.730437,0.497434,-0.672959
21,0.1000,1,2.612690,1.047407,1.663141,0.500000,-0.623229
21,0.2000,2,2.609633,1.097305,1.600818,0.486238,-0.255075
21,0.3000,3,2.608794,1.145920,1.575310,0.500000,-0.382660
21,0.4000,4,2.609525,1.195912,1.537044,0.490867,-0.327555
21,0.5000,5,2.611984,1.244935,1.504289,0.482185,-0.282377
21,0.6000,6,2.615868,1.292995,1.476051,0.497677,-0.117299
21,0.7000,7,2.620866,1.342511,1.464321,0.500000,-0.063187
21,0.8000,8,2.626337,1.392211,1.458003,0.469737,0.026545
21,0.9000,9,2.631562,1.438893,1.460657,0.500000,0.062473
21,1.0000,10,2.636903,1.488607,1.466904,0.500000,-0.111081
21,1.1000,11,2.642364,1.538307,1.455796,0.500000,-0.171098
21,1.2000,12,2.648526,1.587926,1.438687,0.495472,0.030056
21,1.3000,13,2.654979,1.637051,1.441692,0.500000,-0.131854
21,1.4000,14,2.661743,1.686591,1.428507,0.500000,-0.005119
21,1.5000,15,2.668846,1.736084,1.427995,0.495026,0.215529
21,1.6000,16,2.675362,1.785154,1.449548,0.485432,0.092552
21,1.7000,17,2.681011,1.833368,1.458803,0.490777,0.156538
21,1.8000,18,2.686114,1.882179,1.474457,0.475118,0.059296
21,1.9000,19,2.690544,1.929484,1.480386,0.452513,0.605340
21,2.0000,20,2.693263,1.974646,1.540920,0.500000,0.565108
21,2.1000,21,2.693344,2.024640,1.597431,0.485902,0.519433
21,2.2000,22,2.690789,2.073157,1.649375,0.484896,0.267843
21,2.3000,23,2.686336,2.121440,1.676159,0.500000,0.394863
21,2.4000,24,2.680098,2.171046,1.715645,0.498523,0.450862
21,2.5000,25,2.671792,2.220198,1.760731,0.500000,0.338031
21,2.6000,26,2.661525,2.269130,1.794535,0.449736,0.200590
21,2.7000,27,2.651107,2.312879,1.814594,0.500000,0.489707
21,2.8000,28,2.637854,2.361086,1.863564,0.497885,0.325836
21,2.9000,29,2.622711,2.408513,1.896148,0.452045,0.251583
21,3.0000,30,2.607725,2.451160,1.921306,0.477270,-0.079848
21,3.1000,31,2.591516,2.496050,1.913321,0.493988,0.050116
21,3.2000,32,2.574808,2.542537,1.918333,0.476039,0.087411
21,3.3000,33,2.558399,2.587224,1.927074,0.471026,-0.043328
21,3.4000,34,2.542066,2.631404,1.922741,0.482131,-0.048109
21,3.5000,35,2.525555,2.676702,1.917930,0.459401,-0.176690
21,3.6000,36,2.510308,2.720037,1.900261,0.474918,0.040663
21,3.7000,37,2.494852,2.764943,1.904328,0.454991,0.099661
21,3.8000,38,2.479742,2.807860,1.914294,0.489222,-0.094317
21,3.9000,39,2.463483,2.854001,1.904862,0.448603,-0.185411
21,4.0000,40,2.449168,2.896516,1.886321,0.500000,0.075636
21,4.1000,41,2.433473,2.943988,1.893884,0.479655,-0.001403
22,0.0000,0,0.347230,2.891677,-0.345550,0.489069,0.423833
22,0.1000,1,0.393583,2.876091,-0.303167,0.479154,0.721717
22,0.2000,2,0.439790,2.863448,-0.230995,0.500000,0.317633
22,0.3000,3,0.488635,2.852776,-0.199232,0.481309,0.416853
22,0.4000,4,0.535999,2.844236,-0.157547,0.500000,0.328672
22,0.5000,5,0.585500,2.837204,-0.124679,0.500000,0.128745
22,0.6000,6,0.635150,2.831306,-0.111805,0.500000,0.440807
22,0.7000,7,0.684945,2.826824,-0.067724,0.500000,0.159425
22,0.8000,8,0.734855,2.823838,-0.051782,0.500000,0.096863
22,0.9000,9,0.784800,2.821492,-0.042095,0.493095,0.238999
22,1.0000,10,0.834086,2.820006,-0.018196,0.481296,0.382003
22,1.1000,11,0.882212,2.820049,0.020005,0.496208,-0.194251
22,1.2000,12,0.931830,2.820560,0.000580,0.500000,0.073730
22,1.3000,13,0.981829,2.820773,0.007953,0.499265,0.052834
22,1.4000,14,1.031753,2.821302,0.013236,0.500000,-0.038065
22,1.5000,15,1.081750,2.821869,0.009429,0.500000,0.002680
22,1.6000,16,1.131747,2.822347,0.009697,0.500000,-0.103368
22,1.7000,17,1.181747,2.822573,-0.000639,0.492373,0.017797
22,1.8000,18,1.230984,2.822586,0.001140,0.500000,-0.065777
22,1.9000,19,1.280984,2.822478,-0.005437,0.500000,0.035336
22,2.0000,20,1.330983,2.822295,-0.001904,0.482843,-0.201484
22,2.1000,21,1.379263,2.821716,-0.022052,0.500000,-0.000937
22,2.2000,22,1.429251,2.820611,-0.022146,0.485956,-0.072441
22,2.3000,23,1.477830,2.819359,-0.029390,0.484876,-0.080703
22,2.4000,24,1.526291,2.817739,-0.037460,0.500000,-0.002813
22,2.5000,25,1.576256,2.815859,-0.037742,0.477823,0.047521
22,2.6000,26,1.624008,2.814170,-0.032990,0.500000,-0.021681
22,2.7000,27,1.673979,2.812467,-0.035158,0.498649,0.041041
22,2.8000,28,1.723816,2.810816,-0.031054,0.500000,-0.084430
22,2.9000,29,1.773785,2.809053,-0.039497,0.485874,-0.289589
22,3.0000,30,1.822300,2.806431,-0.068456,0.500000,-0.326039
22,3.1000,31,1.872118,2.802199,-0.101059,0.480732,-0.237749
22,3.2000,32,1.919884,2.796781,-0.124834,0.500000,-0.751787
22,3.3000,33,1.969214,2.788697,-0.200013,0.500000,-0.724023
22,3.4000,34,2.017815,2.776999,-0.272415,0.487289,-0.428923
22,3.5000,35,2.064452,2.762885,-0.315308,0.500000,-0.722117
22,3.6000,36,2.111386,2.745678,-0.387519,0.499372,-0.770316
22,3.7000,37,2.156848,2.725046,-0.464551,0.461800,-0.399315
22,3.8000,38,2.197710,2.703537,-0.504482,0.476981,-0.246008
22,3.9000,39,2.239178,2.679971,-0.529083,0.494463,-0.325813
22,4.0000,40,2.281450,2.654322,-0.561665,0.493418,-0.456336
22,4.1000,41,2.322597,2.627100,-0.607298,0.495612,-0.246771
22,4.2000,42,2.362944,2.598318,-0.631975,0.500000,-0.563154
22,4.3000,43,2.402434,2.567661,-0.688291,0.489517,-0.195233
22,4.4000,44,2.439935,2.536199,-0.707814,0.460499,-0.301202
22,4.5000,45,2.474467,2.505736,-0.737934,0.500000,-0.665562
22,4.6000,46,2.510313,2.470892,-0.804490,0.444080,-0.530810
22,4.7000,47,2.540246,2.438095,-0.857571,0.500000,-0.462326
22,4.8000,48,2.572074,2.399540,-0.903804,0.500000,-0.431974
22,4.9000,49,2.602148,2.359600,-0.947001,0.483360,-0.502774
22,5.0000,50,2.629384,2.319674,-0.997279,0.470663,-0.706877
22,5.1000,51,2.653503,2.279269,-1.067966,0.463599,-0.708855
22,5.2000,52,2.674387,2.237890,-1.138852,0.475460,-0.636047
22,5.3000,53,2.692905,2.194107,-1.202457,0.477514,-0.791356
22,5.4000,54,2.708319,2.148925,-1.281592,0.466931,-0.551194
22,5.5000,55,2.720396,2.103827,-1.336712,0.500000,-0.510274
22,5.6000,56,2.730748,2.054916,-1.387739,0.498890,-0.626937
23,0.0000,0,3.480929,3.604719,-1.980696,0.269430,-2.000000
23,0.1000,1,3.467800,3.581242,-2.180696,0.316624,-2.000000
23,0.2000,2,3.447199,3.557268,-2.380696,0.402017,-1.803451
23,0.3000,3,3.415748,3.532315,-2.561041,0.429503,-1.547455
23,0.4000,4,3.378159,3.511624,-2.715787,0.444233,-1.261491
23,0.5000,5,3.336654,3.495872,-2.841936,0.451478,-0.690167
23,0.6000,6,3.293092,3.484043,-2.910952,0.487692,-0.761968
23,0.7000,7,3.245236,3.474713,-2.987149,0.483965,-0.661318
23,0.8000,8,3.197204,3.468855,-3.053281,0.492635,-0.457212
23,0.9000,9,3.148051,3.465633,-3.099002,0.500000,-0.236841
23,1.0000,10,3.098075,3.464096,-3.122686,0.500000,0.188971
23,1.1000,11,3.048096,3.462678,-3.103789,0.499877,-0.064223
23,1.2000,12,2.998139,3.460949,-3.110211,0.500000,0.032257
23,1.3000,13,2.948166,3.459300,-3.106986,0.477659,0.384193
23,1.4000,14,2.900472,3.456731,-3.068566,0.500000,0.071470
23,1.5000,15,2.850619,3.452904,-3.061419,0.500000,0.353419
23,1.6000,16,2.800860,3.448020,-3.026077,0.480741,0.193266
23,1.7000,17,2.753163,3.442018,-3.006751,0.500000,0.138902
23,1.8000,18,2.703665,3.434953,-2.992860,0.465728,0.114716
23,1.9000,19,2.657647,3.427787,-2.981389,0.493522,0.099266
23,2.0000,20,2.608967,3.419673,-2.971462,0.500000,0.171040
23,2.1000,21,2.559764,3.410786,-2.954358,0.500000,0.180377
23,2.2000,22,2.510724,3.401037,-2.936321,0.500000,-0.104898
23,2.3000,23,2.461721,3.391102,-2.946810,0.500000,0.176094
23,2.4000,24,2.412755,3.380993,-2.929201,0.500000,0.155755
23,2.5000,25,2.363962,3.370073,-2.913625,0.500000,0.179019
23,2.6000,26,2.315360,3.358337,-2.895724,0.468060,-0.091948
23,2.7000,27,2.269909,3.347154,-2.904918,0.479664,-0.052153
23,2.8000,28,2.223251,3.336029,-2.910134,0.500000,-0.181918
23,2.9000,29,2.174483,3.325002,-2.928325,0.500000,-0.113433
23,3.0000,30,2.125557,3.314697,-2.939669,0.479936,-0.052634
23,3.1000,31,2.078513,3.305195,-2.944932,0.489821,0.120992
23,3.2000,32,2.030534,3.295334,-2.932833,0.458686,0.219798
23,3.3000,33,1.985769,3.285335,-2.910853,0.480693,0.221741
23,3.4000,34,1.939100,3.273824,-2.888679,0.469061,0.023358
23,3.5000,35,1.893700,3.262034,-2.886343,0.500000,-0.110009
23,3.6000,36,1.845251,3.249676,-2.897344,0.471132,-0.122670
23,3.7000,37,1.799468,3.238564,-2.909611,0.500000,0.030132
23,3.8000,38,1.750824,3.226995,-2.906598,0.500000,0.076975
23,3.9000,39,1.702244,3.215166,-2.898900,0.500000,-0.109189
23,4.0000,40,1.653644,3.203415,-2.909819,0.500000,-0.016744
23,4.1000,41,1.604972,3.191971,-2.911494,0.500000,-0.042424
23,4.2000,42,1.556266,3.180670,-2.915736,0.500000,0.015103
23,4.3000,43,1.507544,3.169437,-2.914226,0.499638,-0.204268
23,4.4000,44,1.458754,3.158672,-2.934653,0.499215,-0.036406
23,4.5000,45,1.409879,3.148504,-2.938293,0.500000,0.032020
23,4.6000,46,1.360925,3.138330,-2.935091,0.489936,-0.014135
23,4.7000,47,1.312966,3.128319,-2.936505,0.494001,-0.079357
23,4.8000,48,1.264561,3.118450,-2.944440,0.500000,-0.108781
23,4.9000,49,1.215478,3.108923,-2.955319,0.500000,-0.001351
23,5.0000,50,1.166342,3.099667,-2.955454,0.500000,0.005901
23,5.1000,51,1.117208,3.090399,-2.954864,0.486624,-0.006063
23,5.2000,52,1.069389,3.081379,-2.955470,0.500000,-0.099127
23,5.3000,53,1.020208,3.072371,-2.965383,0.500000,0.045954
23,5.4000,54,0.971002,3.063493,-2.960787,0.489332,0.297274
23,5.5000,55,0.923004,3.053979,-2.931060,0.485884,-0.025140
23,5.6000,56,0.875476,3.043885,-2.933574,0.468936,-0.130363
23,5.7000,57,0.829532,3.034500,-2.946610,0.494819,0.025414
23,5.8000,58,0.781000,3.024851,-2.944069,0.500000,0.115553
23,5.9000,59,0.732030,3.014756,-2.932513,0.481594,0.217976
23,6.0000,60,0.685032,3.004247,-2.910716,0.500000,0.015514
23,6.1000,61,0.636367,2.992768,-2.909164,0.500000,0.183556
23,6.2000,62,0.587820,2.980805,-2.890809,0.500000,-0.091284
24,0.0000,0,2.674000,2.613707,-1.443154,0.497048,-0.069670
24,0.1000,1,2.680155,2.564385,-1.450121,0.500000,-0.442440
24,0.2000,2,2.685075,2.514632,-1.494365,0.490367,-0.129543
24,0.3000,3,2.688502,2.465716,-1.507319,0.500000,-0.108001
24,0.4000,4,2.691404,2.415800,-1.518119,0.500000,-0.112746
24,0.5000,5,2.693755,2.365856,-1.529394,0.461590,-0.179692
24,0.6000,6,2.695252,2.319722,-1.547363,0.500000,-0.137661
24,0.7000,7,2.696079,2.269729,-1.561129,0.500000,0.000682
24,0.8000,8,2.696564,2.219731,-1.561061,0.500000,-0.088293
24,0.9000,9,2.696830,2.169732,-1.569890,0.475949,-0.109050
24,1.0000,10,2.696614,2.122138,-1.580795,0.490466,0.028570
24,1.1000,11,2.696193,2.073093,-1.577938,0.494977,-0.286541
24,1.2000,12,2.695131,2.023609,-1.606592,0.473367,-0.357826
24,1.3000,13,2.692591,1.976343,-1.642375,0.500000,-0.306997
24,1.4000,14,2.688250,1.926533,-1.673075,0.500000,-0.434565
24,1.5000,15,2.682066,1.876921,-1.716531,0.488808,-0.721407
24,1.6000,16,2.673230,1.828856,-1.788672,0.484494,-0.591349
24,1.7000,17,2.661365,1.781890,-1.847807,0.475287,-0.748842
24,1.8000,18,2.646668,1.736702,-1.922691,0.472496,-0.786447
24,1.9000,19,2.628656,1.693034,-2.001336,0.456173,-0.926878
24,2.0000,20,2.607725,1.652520,-2.094023,0.461582,-0.881589
24,2.1000,21,2.582929,1.613605,-2.182182,0.500000,-0.311590
24,2.2000,22,2.553596,1.573116,-2.213341,0.484274,-0.617840
24,2.3000,23,2.523397,1.535267,-2.275125,0.498443,-0.306829
24,2.4000,24,2.490545,1.497785,-2.305808,0.485661,-0.508689
24,2.5000,25,2.457074,1.462601,-2.356677,0.478020,-0.717491
24,2.6000,26,2.422074,1.430058,-2.428426,0.446476,-0.729526
24,2.7000,27,2.387273,1.402105,-2.501379,0.461985,-0.803564
24,2.8000,28,2.349154,1.376025,-2.581735,0.451426,-0.598350
24,2.9000,29,2.310209,1.353210,-2.641570,0.500000,-0.855762
24,3.0000,30,2.265359,1.331143,-2.727146,0.467369,-0.865071
24,3.1000,31,2.221819,1.314196,-2.813653,0.482135,-0.722151
24,3.2000,32,2.175654,1.300327,-2.885868,0.473042,-0.853284
24,3.3000,33,2.129434,1.290328,-2.971197,0.442692,-0.670127
24,3.4000,34,2.085587,1.284288,-3.038209,0.484435,-0.837447
24,3.5000,35,2.037249,1.281311,-3.121954,0.465949,-0.613585
24,3.6000,36,1.990664,1.281825,-3.183313,0.484849,-0.484878
24,3.7000,37,1.942290,1.285021,-3.231800,0.500000,-0.382236
24,3.8000,38,1.892591,1.290475,-3.270024,0.488489,-0.292351
24,3.9000,39,1.844243,1.297439,-3.299259,0.500000,-0.138447
24,4.0000,40,1.794919,1.305631,-3.313104,0.499867,-0.022116
24,4.1000,41,1.745675,1.314217,-3.315315,0.499455,-0.106273
25,0.0000,0,1.603054,2.666527,3.836859,0.332441,-1.985187
25,0.1000,1,1.575587,2.647897,3.638341,0.408746,-1.928452
25,0.2000,2,1.538002,2.631992,3.445496,0.439240,-1.177857
25,0.3000,3,1.495414,2.621344,3.327710,0.417579,-1.182904
25,0.4000,4,1.454017,2.616059,3.209419,0.429915,-1.174351
25,0.5000,5,1.411052,2.615667,3.091984,0.475387,-0.641270
25,0.6000,6,1.363680,2.619545,3.027857,0.500000,-0.659376
25,0.7000,7,1.314226,2.626853,2.961920,0.500000,-0.767143
25,0.8000,8,1.265421,2.637665,2.885205,0.490457,-0.275134
25,0.9000,9,1.218156,2.650754,2.857692,0.500000,-0.184774
25,1.0000,10,1.170290,2.665201,2.839215,0.482270,-0.066170
25,1.1000,11,1.124298,2.679715,2.832598,0.500000,0.172902
25,1.2000,12,1.076537,2.694508,2.849888,0.491322,0.277363
25,1.3000,13,1.029291,2.707983,2.877624,0.495660,0.132280
25,1.4000,14,0.981357,2.720599,2.890852,0.483938,0.024032
25,1.5000,15,0.934463,2.732550,2.893255,0.499830,0.363514
25,1.6000,16,0.885800,2.743952,2.929607,0.500000,0.528398
25,1.7000,17,0.836664,2.753176,2.982446,0.491834,0.039114
25,1.8000,18,0.788088,2.760876,2.986358,0.500000,0.338703
25,1.9000,19,0.738567,2.767768,3.020228,0.483807,0.106830
25,2.0000,20,0.690512,2.773369,3.030911,0.489880,0.144002
25,2.1000,21,0.641787,2.778429,3.045311,0.493154,0.129023
25,2.2000,22,0.592670,2.782853,3.058214,0.500000,0.209725
25,2.3000,23,0.542804,2.786494,3.079186,0.491620,0.019855
25,2.4000,24,0.493735,2.789512,3.081172,0.500000,-0.060438
25,2.5000,25,0.443835,2.792682,3.075128,0.500000,-0.046735
25,2.6000,26,0.393954,2.796119,3.070454,0.500000,0.112570
25,2.7000,27,0.344061,2.799392,3.081711,0.483513,-0.045759
26,0.0000,0,3.071100,3.681138,-1.834948,0.445063,1.127681
26,0.1000,1,3.061924,3.637611,-1.722180,0.439413,1.009980
26,0.2000,2,3.057501,3.593912,-1.621182,0.464888,0.752997
26,0.3000,3,3.056909,3.547438,-1.545883,0.488351,0.694162
26,0.4000,4,3.059818,3.498700,-1.476466,0.475899,0.737326
26,0.5000,5,3.066042,3.451529,-1.402734,0.478060,0.615953
26,0.6000,6,3.075485,3.404673,-1.341139,0.500000,0.230347
26,0.7000,7,3.087427,3.356121,-1.318104,0.468810,0.240127
26,0.8000,8,3.099691,3.310874,-1.294091,0.484623,0.017491
26,0.9000,9,3.112972,3.264267,-1.292342,0.474246,0.038778
26,1.0000,10,3.126096,3.218694,-1.288464,0.490422,0.055482
26,1.1000,11,3.139889,3.171632,-1.282916,0.474968,-0.070447
26,1.2000,12,3.153214,3.126042,-1.289961,0.487474,-0.117568
26,1.3000,13,3.166449,3.079126,-1.301718,0.500000,-0.023600
26,1.4000,14,3.179684,3.030910,-1.304078,0.500000,-0.000811
26,1.5000,15,3.192861,2.982677,-1.304159,0.500000,0.011176
26,1.6000,16,3.206062,2.934452,-1.303041,0.500000,-0.314111
26,1.7000,17,3.218531,2.886033,-1.334452,0.483505,-0.124495
26,1.8000,18,3.229559,2.838958,-1.346902,0.500000,-0.060932
26,1.9000,19,3.240512,2.790172,-1.352995,0.468818,-0.050863
26,2.0000,20,3.250526,2.744372,-1.358081,0.500000,-0.177199
26,2.1000,21,3.260648,2.695408,-1.375801,0.476531,0.006667
26,2.2000,22,3.269897,2.648662,-1.375134,0.491023,0.029632
26,2.3000,23,3.279515,2.600510,-1.372171,0.500000,-0.029453
26,2.4000,24,3.289309,2.551479,-1.375116,0.471152,-0.153278
26,2.5000,25,3.298115,2.505194,-1.390444,0.463377,-0.077014
26,2.6000,26,3.306251,2.459577,-1.398146,0.482199,0.146508
26,2.7000,27,3.314883,2.412136,-1.383495,0.500000,-0.067915
26,2.8000,28,3.324026,2.362979,-1.390286,0.475570,0.155774
26,2.9000,29,3.332928,2.316263,-1.374709,0.482297,-0.265732
26,3.0000,30,3.341696,2.268839,-1.401282,0.484956,-0.139810
26,3.1000,31,3.349543,2.220983,-1.415263,0.500000,-0.051989
26,3.2000,32,3.357159,2.171566,-1.420462,0.500000,0.230444
26,3.3000,33,3.365217,2.122221,-1.397418,0.481554,0.022424
26,3.4000,34,3.373577,2.074797,-1.395175,0.500000,0.007380
26,3.5000,35,3.382331,2.025569,-1.394437,0.494803,0.009086
26,3.6000,36,3.391035,1.976860,-1.393529,0.484899,-0.029398
27,0.0000,0,1.467993,0.432865,0.833160,0.500000,-0.061827
27,0.1000,1,1.501734,0.469764,0.826977,0.490251,0.027708
27,0.2000,2,1.534879,0.505887,0.829748,0.486559,-0.082966
27,0.3000,3,1.567874,0.541647,0.821451,0.474752,-0.107747
27,0.4000,4,1.600398,0.576230,0.810677,0.500000,-0.071102
27,0.5000,5,1.634977,0.612345,0.803567,0.500000,0.001324
27,0.6000,6,1.669682,0.648339,0.803699,0.482531,0.077160
27,0.7000,7,1.703038,0.683207,0.811415,0.500000,-0.089497
27,0.8000,8,1.737623,0.719315,0.802465,0.500000,0.140249
27,0.9000,9,1.772117,0.755511,0.816490,0.493835,0.023849
27,1.0000,10,1.805891,0.791540,0.818875,0.500000,0.047377
27,1.1000,11,1.839956,0.828139,0.823613,0.477432,-0.036934
27,1.2000,12,1.872466,0.863104,0.819919,0.500000,-0.052929
27,1.3000,13,1.906677,0.899568,0.814626,0.498213,0.030318
27,1.4000,14,1.940806,0.935863,0.817658,0.484368,0.045266
27,1.5000,15,1.973854,0.971275,0.822185,0.500000,-0.058699
27,1.6000,16,2.007992,1.007807,0.816315,0.487638,0.019693
27,1.7000,17,2.041356,1.043370,0.818284,0.475815,-0.028141
27,1.8000,18,2.073925,1.078058,0.815470,0.470265,-0.146323
27,1.9000,19,2.106413,1.112058,0.800838,0.500000,0.165708
27,2.0000,20,2.140919,1.148242,0.817408,0.500000,0.029695
27,2.1000,21,2.175070,1.184761,0.820378,0.500000,0.009516
27,2.2000,22,2.209150,1.221348,0.821330,0.485255,0.100809
27,2.3000,23,2.242029,1.257037,0.831410,0.494971,0.073888
27,2.4000,24,2.275246,1.293732,0.838799,0.500000,-0.115060
27,2.5000,25,2.308877,1.330731,0.827293,0.477979,-0.098389
27,2.6000,26,2.341403,1.365756,0.817454,0.486779,0.119386
27,2.7000,27,2.374489,1.401460,0.829393,0.497749,0.139467
27,2.8000,28,2.407847,1.438403,0.843340,0.500000,-0.062996
27,2.9000,29,2.441213,1.475641,0.837040,0.482814,-0.235312
27,3.0000,30,2.473964,1.511115,0.813509,0.500000,0.194079
27,3.1000,31,2.507957,1.547781,0.832917,0.493135,0.409314
27,3.2000,32,2.540375,1.584936,0.873848,0.494042,0.339469
27,3.3000,33,2.571437,1.623351,0.907795,0.500000,0.452506
27,3.4000,34,2.601310,1.663441,0.953046,0.480333,0.479371
27,3.5000,35,2.628182,1.703248,1.000983,0.453765,0.537909
27,3.6000,36,2.651622,1.742095,1.054774,0.488399,0.652059
27,3.7000,37,2.674319,1.785331,1.119980,0.500000,0.389588
27,3.8000,38,2.695222,1.830748,1.158938,0.500000,0.489480
27,3.9000,39,2.714109,1.877039,1.207886,0.500000,0.543512
28,0.0000,0,1.873827,0.260086,1.637458,0.361719,-1.753973
28,0.1000,1,1.874587,0.296203,1.462060,0.395446,-1.766730
28,0.2000,2,1.882319,0.334932,1.285387,0.445558,-1.451002
28,0.3000,3,1.897916,0.376627,1.140287,0.479335,-0.994204
28,0.4000,4,1.920051,0.419121,1.040867,0.489515,-0.888918
28,0.5000,5,1.946638,0.460204,0.951975,0.494045,-0.766944
28,0.6000,6,1.976811,0.499309,0.875281,0.476666,-0.666636
28,0.7000,7,2.008552,0.534859,0.808617,0.491755,-0.442579
28,0.8000,8,2.043283,0.569667,0.764359,0.485621,-0.374345
28,0.9000,9,2.078958,0.602611,0.726925,0.500000,-0.254076
28,1.0000,10,2.116737,0.635362,0.701517,0.500000,0.215704
28,1.1000,11,2.154579,0.668040,0.723087,0.479582,0.184613
28,1.2000,12,2.190241,0.700104,0.741549,0.497485,0.223287
28,1.3000,13,2.226549,0.734113,0.763877,0.488455,0.218187
28,1.4000,14,2.261452,0.768283,0.785696,0.485929,-0.040031
28,1.5000,15,2.295871,0.802584,0.781693,0.500000,0.069454
28,1.6000,16,2.331234,0.837932,0.788638,0.473182,0.190869
28,1.7000,17,2.364262,0.871815,0.807725,0.492384,0.302295
28,1.8000,18,2.397750,0.907909,0.837955,0.481910,0.096870
28,1.9000,19,2.429815,0.943884,0.847642,0.500000,0.066943
28,2.0000,20,2.462777,0.981481,0.854336,0.500000,0.249276
28,2.1000,21,2.495140,1.019593,0.879264,0.500000,0.301571
28,2.2000,22,2.526440,1.058581,0.909421,0.485535,-0.056735
28,2.3000,23,2.556370,1.096812,0.903747,0.481715,0.020053
28,2.4000,24,2.586134,1.134688,0.905753,0.497481,-0.011341
28,2.5000,25,2.616856,1.173817,0.904619,0.477030,0.136727
28,2.6000,26,2.646078,1.211521,0.918291,0.470300,-0.090612
28,2.7000,27,2.674803,1.248759,0.909230,0.500000,0.038377
28,2.8000,28,2.705445,1.288270,0.913068,0.495785,0.051996
28,2.9000,29,2.735651,1.327584,0.918267,0.493215,0.130705
28,3.0000,30,2.765342,1.366967,0.931338,0.500000,-0.190540
28,3.1000,31,2.795560,1.406801,0.912284,0.500000,-0.104269
28,3.2000,32,2.826363,1.446186,0.901857,0.500000,0.058650
28,3.3000,33,2.857256,1.485501,0.907722,0.483207,0.055836
28,3.4000,34,2.886893,1.523666,0.913306,0.494209,0.002298
28,3.5000,35,2.917091,1.562787,0.913535,0.500000,-0.187455
28,3.6000,36,2.948007,1.602082,0.894790,0.472262,-0.240802
29,0.0000,0,2.686906,3.790679,-2.224312,0.429088,1.024116
29,0.1000,1,2.662607,3.755336,-2.121900,0.457049,1.124886
29,0.2000,2,2.640912,3.715135,-2.009412,0.432611,1.067622
29,0.3000,3,2.624664,3.675064,-1.902650,0.449421,0.948540
29,0.4000,4,2.612057,3.631944,-1.807796,0.497199,0.880009
29,0.5000,5,2.602524,3.583163,-1.719795,0.476688,0.550433
29,0.6000,6,2.596748,3.535851,-1.664751,0.487359,0.180687
29,0.7000,7,2.592615,3.487291,-1.646683,0.500000,0.118749
29,0.8000,8,2.589120,3.437414,-1.634808,0.500000,0.122653
29,0.9000,9,2.586228,3.387498,-1.622543,0.500000,0.041729
29,1.0000,10,2.583746,3.337560,-1.618370,0.484509,-0.063552
29,1.1000,11,2.581288,3.289171,-1.624725,0.491652,0.019442
29,1.2000,12,2.578686,3.240075,-1.622781,0.500000,-0.136093
29,1.3000,13,2.575748,3.190162,-1.636390,0.500000,-0.094155
29,1.4000,14,2.572236,3.140285,-1.645805,0.498037,-0.185537
29,1.5000,15,2.568043,3.090659,-1.664359,0.472193,-0.116984
29,1.6000,16,2.563357,3.043673,-1.676057,0.499179,0.174091
29,1.7000,17,2.558544,2.993989,-1.658648,0.500000,-0.178156
29,1.8000,18,2.553714,2.944223,-1.676464,0.473516,-0.292015
29,1.9000,19,2.548033,2.897215,-1.705665,0.500000,0.056415
29,2.0000,20,2.541450,2.847651,-1.700024,0.500000,-0.115652
29,2.1000,21,2.534720,2.798106,-1.711589,0.500000,-0.104759
29,2.2000,22,2.527444,2.748638,-1.722065,0.500000,0.034918
29,2.3000,23,2.519996,2.699196,-1.718573,0.484213,-0.069183
